{
  "model": "stabilityai_stablelm-2-1_6b-chat",
  "n_samples": 120,
  "n_layers": 24,
  "hidden": 2048,
  "conditions": [
    "engagement_max",
    "random",
    "recency"
  ],
  "chance_acc": 0.3333333333333333,
  "accs_per_layer": [
    0.65,
    0.7333333333333334,
    0.7583333333333334,
    0.7916666666666667,
    0.8416666666666666,
    0.8166666666666667,
    0.8083333333333333,
    0.8,
    0.8083333333333333,
    0.7916666666666666,
    0.7833333333333334,
    0.825,
    0.8333333333333334,
    0.75,
    0.7416666666666667,
    0.7583333333333333,
    0.7583333333333333,
    0.7416666666666667,
    0.7333333333333333,
    0.7583333333333334,
    0.725,
    0.7333333333333334,
    0.725,
    0.7416666666666666
  ],
  "best_layer": 4,
  "best_acc": 0.8416666666666666,
  "confusion_at_best": [
    [
      31,
      0,
      9
    ],
    [
      2,
      38,
      0
    ],
    [
      8,
      0,
      32
    ]
  ]
}