{
  "model": "HuggingFaceH4_zephyr-7b-beta",
  "n_samples": 120,
  "n_layers": 32,
  "hidden": 4096,
  "conditions": [
    "engagement_max",
    "random",
    "recency"
  ],
  "chance_acc": 0.3333333333333333,
  "accs_per_layer": [
    0.6416666666666667,
    0.7416666666666666,
    0.75,
    0.7583333333333333,
    0.7666666666666666,
    0.7833333333333334,
    0.8166666666666667,
    0.85,
    0.85,
    0.8583333333333334,
    0.8666666666666668,
    0.8583333333333334,
    0.8583333333333334,
    0.8583333333333334,
    0.8833333333333334,
    0.8583333333333334,
    0.8916666666666668,
    0.8916666666666668,
    0.9083333333333334,
    0.9083333333333334,
    0.9166666666666667,
    0.9166666666666667,
    0.925,
    0.9166666666666667,
    0.925,
    0.925,
    0.925,
    0.925,
    0.9333333333333333,
    0.9333333333333333,
    0.9333333333333333,
    0.925
  ],
  "best_layer": 28,
  "best_acc": 0.9333333333333333,
  "confusion_at_best": [
    [
      34,
      1,
      5
    ],
    [
      1,
      39,
      0
    ],
    [
      1,
      0,
      39
    ]
  ]
}