{
  "model": "Qwen_Qwen2.5-7B-Instruct",
  "n_samples": 180,
  "n_layers": 28,
  "hidden": 3584,
  "conditions": [
    "engagement_max",
    "random",
    "recency"
  ],
  "chance_acc": 0.3333333333333333,
  "accs_per_layer": [
    0.788888888888889,
    0.7333333333333333,
    0.7722222222222223,
    0.7555555555555556,
    0.7666666666666667,
    0.7388888888888889,
    0.7666666666666666,
    0.7944444444444445,
    0.7944444444444445,
    0.8388888888888889,
    0.8444444444444444,
    0.8388888888888889,
    0.8666666666666666,
    0.8777777777777777,
    0.8944444444444445,
    0.8833333333333332,
    0.861111111111111,
    0.8722222222222221,
    0.8833333333333332,
    0.8777777777777779,
    0.8555555555555555,
    0.8388888888888888,
    0.8277777777777777,
    0.861111111111111,
    0.85,
    0.861111111111111,
    0.8666666666666666,
    0.85
  ],
  "best_layer": 14,
  "best_acc": 0.8944444444444445,
  "confusion_at_best": [
    [
      51,
      0,
      9
    ],
    [
      0,
      60,
      0
    ],
    [
      9,
      0,
      51
    ]
  ]
}