{
  "model": "HuggingFaceTB_SmolLM2-360M-Instruct",
  "n_samples": 156,
  "n_layers": 32,
  "hidden": 960,
  "conditions": [
    "engagement_max",
    "random",
    "recency"
  ],
  "chance_acc": 0.3333333333333333,
  "accs_per_layer": [
    0.6672727272727272,
    0.673939393939394,
    0.7327272727272727,
    0.7612121212121212,
    0.733939393939394,
    0.6951515151515152,
    0.7466666666666667,
    0.7018181818181818,
    0.7272727272727273,
    0.8121212121212121,
    0.8369696969696969,
    0.8193939393939393,
    0.8193939393939393,
    0.7927272727272727,
    0.7945454545454547,
    0.7478787878787879,
    0.7739393939393939,
    0.7884848484848483,
    0.8315151515151514,
    0.8381818181818183,
    0.8654545454545456,
    0.8333333333333334,
    0.8127272727272727,
    0.8121212121212121,
    0.8315151515151517,
    0.830909090909091,
    0.8200000000000001,
    0.8327272727272728,
    0.8139393939393941,
    0.7957575757575758,
    0.7581818181818181,
    0.7957575757575758
  ],
  "best_layer": 20,
  "best_acc": 0.8654545454545456,
  "confusion_at_best": [
    [
      45,
      2,
      5
    ],
    [
      4,
      47,
      1
    ],
    [
      6,
      2,
      44
    ]
  ]
}