{
  "model": "Qwen_Qwen3.5-0.8B",
  "n_samples": 405,
  "n_layers": 24,
  "hidden": 1024,
  "conditions": [
    "engagement_max",
    "random",
    "recency"
  ],
  "chance_acc": 0.3333333333333333,
  "accs_per_layer": [
    0.7975308641975307,
    0.8271604938271604,
    0.8518518518518517,
    0.8222222222222223,
    0.8419753086419751,
    0.8493827160493828,
    0.837037037037037,
    0.8691358024691358,
    0.9086419753086419,
    0.9135802469135802,
    0.9012345679012345,
    0.8938271604938273,
    0.9135802469135802,
    0.9061728395061728,
    0.9160493827160494,
    0.9358024691358023,
    0.9308641975308642,
    0.9160493827160494,
    0.9209876543209876,
    0.9209876543209876,
    0.9234567901234568,
    0.9308641975308642,
    0.9135802469135802,
    0.9111111111111111
  ],
  "best_layer": 15,
  "best_acc": 0.9358024691358023,
  "confusion_at_best": [
    [
      121,
      3,
      11
    ],
    [
      5,
      128,
      2
    ],
    [
      5,
      0,
      130
    ]
  ]
}