{
  "model": "HuggingFaceTB_SmolLM2-1.7B-Instruct",
  "n_samples": 180,
  "n_layers": 24,
  "hidden": 2048,
  "conditions": [
    "engagement_max",
    "random",
    "recency"
  ],
  "chance_acc": 0.3333333333333333,
  "accs_per_layer": [
    0.7833333333333334,
    0.711111111111111,
    0.7722222222222221,
    0.7388888888888889,
    0.8055555555555556,
    0.7499999999999999,
    0.7833333333333333,
    0.8222222222222222,
    0.8277777777777778,
    0.8388888888888889,
    0.8388888888888889,
    0.8666666666666666,
    0.8777777777777777,
    0.8277777777777777,
    0.8444444444444444,
    0.8833333333333334,
    0.8722222222222223,
    0.8777777777777779,
    0.8833333333333334,
    0.888888888888889,
    0.8944444444444445,
    0.9,
    0.8944444444444445,
    0.9055555555555556
  ],
  "best_layer": 23,
  "best_acc": 0.9055555555555556,
  "confusion_at_best": [
    [
      52,
      0,
      8
    ],
    [
      0,
      60,
      0
    ],
    [
      7,
      2,
      51
    ]
  ]
}