{
  "model": "Qwen_Qwen2.5-3B-Instruct",
  "n_samples": 180,
  "n_layers": 36,
  "hidden": 2048,
  "conditions": [
    "engagement_max",
    "random",
    "recency"
  ],
  "chance_acc": 0.3333333333333333,
  "accs_per_layer": [
    0.7777777777777778,
    0.8166666666666668,
    0.7722222222222221,
    0.8,
    0.8055555555555556,
    0.8111111111111111,
    0.7722222222222223,
    0.8111111111111111,
    0.8666666666666666,
    0.9,
    0.9,
    0.8666666666666666,
    0.9,
    0.8777777777777777,
    0.8722222222222221,
    0.9055555555555556,
    0.8666666666666668,
    0.9111111111111111,
    0.9,
    0.8944444444444445,
    0.9111111111111111,
    0.9055555555555556,
    0.8777777777777779,
    0.8833333333333334,
    0.9111111111111111,
    0.8944444444444443,
    0.861111111111111,
    0.8833333333333332,
    0.888888888888889,
    0.8944444444444445,
    0.8944444444444445,
    0.888888888888889,
    0.8722222222222221,
    0.8777777777777777,
    0.8722222222222223,
    0.888888888888889
  ],
  "best_layer": 17,
  "best_acc": 0.9111111111111111,
  "confusion_at_best": [
    [
      50,
      0,
      10
    ],
    [
      1,
      57,
      2
    ],
    [
      4,
      0,
      56
    ]
  ]
}