{
  "model": "Qwen_Qwen2.5-1.5B-Instruct",
  "n_samples": 180,
  "n_layers": 28,
  "hidden": 1536,
  "conditions": [
    "engagement_max",
    "random",
    "recency"
  ],
  "chance_acc": 0.3333333333333333,
  "accs_per_layer": [
    0.6888888888888889,
    0.7444444444444444,
    0.6722222222222223,
    0.6333333333333333,
    0.7111111111111111,
    0.7611111111111111,
    0.7388888888888889,
    0.7166666666666667,
    0.711111111111111,
    0.7055555555555555,
    0.7000000000000001,
    0.7555555555555555,
    0.7555555555555555,
    0.7722222222222223,
    0.7833333333333333,
    0.8333333333333334,
    0.8055555555555556,
    0.8166666666666667,
    0.8388888888888889,
    0.8222222222222222,
    0.861111111111111,
    0.8666666666666666,
    0.8388888888888889,
    0.8444444444444444,
    0.8444444444444444,
    0.8388888888888888,
    0.9055555555555556,
    0.9333333333333333
  ],
  "best_layer": 27,
  "best_acc": 0.9333333333333333,
  "confusion_at_best": [
    [
      52,
      0,
      8
    ],
    [
      0,
      60,
      0
    ],
    [
      4,
      0,
      56
    ]
  ]
}