{
  "model": "tiiuae_Falcon3-3B-Instruct",
  "n_samples": 120,
  "n_layers": 22,
  "hidden": 3072,
  "conditions": [
    "engagement_max",
    "random",
    "recency"
  ],
  "chance_acc": 0.3333333333333333,
  "accs_per_layer": [
    0.9,
    0.8916666666666666,
    0.925,
    0.9166666666666667,
    0.975,
    0.9583333333333334,
    0.9166666666666666,
    0.925,
    0.8916666666666668,
    0.9333333333333332,
    0.9083333333333334,
    0.8833333333333332,
    0.9166666666666666,
    0.8916666666666666,
    0.9083333333333332,
    0.9083333333333332,
    0.9083333333333332,
    0.8666666666666668,
    0.85,
    0.8416666666666666,
    0.8583333333333332,
    0.8666666666666666
  ],
  "best_layer": 4,
  "best_acc": 0.975,
  "confusion_at_best": [
    [
      38,
      0,
      2
    ],
    [
      0,
      39,
      1
    ],
    [
      0,
      0,
      40
    ]
  ]
}