{
  "model": "Qwen_Qwen2.5-0.5B-Instruct",
  "n_samples": 180,
  "n_layers": 24,
  "hidden": 896,
  "conditions": [
    "engagement_max",
    "random",
    "recency"
  ],
  "chance_acc": 0.3333333333333333,
  "accs_per_layer": [
    0.711111111111111,
    0.8777777777777777,
    0.8722222222222221,
    0.8111111111111111,
    0.8777777777777779,
    0.9166666666666666,
    0.8777777777777779,
    0.888888888888889,
    0.888888888888889,
    0.9277777777777777,
    0.9111111111111111,
    0.9055555555555556,
    0.9388888888888888,
    0.961111111111111,
    0.9555555555555555,
    0.9388888888888889,
    0.9388888888888888,
    0.9333333333333332,
    0.9388888888888889,
    0.9388888888888889,
    0.9388888888888888,
    0.9111111111111111,
    0.8944444444444443,
    0.8833333333333334
  ],
  "best_layer": 13,
  "best_acc": 0.961111111111111,
  "confusion_at_best": [
    [
      55,
      2,
      3
    ],
    [
      1,
      58,
      1
    ],
    [
      0,
      0,
      60
    ]
  ]
}