{
  "model": "Qwen_Qwen3.5-0.8B",
  "n_samples": 453,
  "n_layers": 24,
  "hidden": 1024,
  "conditions": [
    "engagement_max",
    "random",
    "recency"
  ],
  "chance_acc": 0.3333333333333333,
  "accs_per_layer": [
    0.7416487455197133,
    0.779068100358423,
    0.8051612903225805,
    0.8229390681003584,
    0.8207885304659499,
    0.7964874551971327,
    0.8076702508960573,
    0.8477419354838711,
    0.8872401433691757,
    0.9136200716845877,
    0.9048028673835125,
    0.8937634408602151,
    0.8939068100358423,
    0.913763440860215,
    0.8983512544802867,
    0.9316129032258065,
    0.9138351254480288,
    0.9095340501792114,
    0.9184229390681005,
    0.9205734767025089,
    0.9225806451612902,
    0.9116129032258066,
    0.8940501792114695,
    0.9094623655913978
  ],
  "best_layer": 15,
  "best_acc": 0.9316129032258065,
  "confusion_at_best": [
    [
      137,
      4,
      10
    ],
    [
      3,
      144,
      4
    ],
    [
      11,
      0,
      140
    ]
  ]
}