{
  "model": "01-ai_Yi-1.5-6B-Chat",
  "n_samples": 120,
  "n_layers": 32,
  "hidden": 4096,
  "conditions": [
    "engagement_max",
    "random",
    "recency"
  ],
  "chance_acc": 0.3333333333333333,
  "accs_per_layer": [
    0.8583333333333334,
    0.9083333333333334,
    0.9333333333333333,
    0.8916666666666666,
    0.8833333333333332,
    0.9416666666666668,
    0.9333333333333332,
    0.925,
    0.9416666666666667,
    0.925,
    0.9416666666666668,
    0.9583333333333334,
    0.95,
    0.9333333333333332,
    0.9416666666666667,
    0.9333333333333333,
    0.9416666666666667,
    0.9583333333333333,
    0.9416666666666668,
    0.9333333333333332,
    0.9416666666666668,
    0.9166666666666667,
    0.925,
    0.9333333333333332,
    0.9333333333333332,
    0.8833333333333334,
    0.8916666666666666,
    0.9166666666666666,
    0.8833333333333334,
    0.9,
    0.8916666666666666,
    0.8833333333333334
  ],
  "best_layer": 11,
  "best_acc": 0.9583333333333334,
  "confusion_at_best": [
    [
      38,
      0,
      2
    ],
    [
      1,
      39,
      0
    ],
    [
      1,
      0,
      39
    ]
  ]
}