{
  "model": "TinyLlama_TinyLlama-1.1B-Chat-v1.0",
  "n_samples": 120,
  "n_layers": 22,
  "hidden": 2048,
  "conditions": [
    "engagement_max",
    "random",
    "recency"
  ],
  "chance_acc": 0.3333333333333333,
  "accs_per_layer": [
    0.3583333333333333,
    0.4583333333333333,
    0.425,
    0.3916666666666667,
    0.4083333333333334,
    0.4416666666666667,
    0.45,
    0.425,
    0.45,
    0.3916666666666667,
    0.4,
    0.425,
    0.425,
    0.425,
    0.4333333333333333,
    0.4416666666666667,
    0.4083333333333333,
    0.37499999999999994,
    0.3583333333333333,
    0.39999999999999997,
    0.41666666666666663,
    0.3583333333333333
  ],
  "best_layer": 1,
  "best_acc": 0.4583333333333333,
  "confusion_at_best": [
    [
      14,
      9,
      17
    ],
    [
      8,
      27,
      5
    ],
    [
      22,
      4,
      14
    ]
  ]
}