{
  "best_layer": 15,
  "explained_variance_top5": [
    0.25696879625320435,
    0.20790457725524902,
    0.14803239703178406,
    0.06590963155031204,
    0.03557557985186577
  ],
  "linear_drift_dominant": false
}