{
  "n_pairs": 270,
  "horizon_H": 5,
  "r2": 0.00025500317141868845,
  "slope": 0.0011475154316335056,
  "intercept": 0.04388065450050585
}