{
  "('Qwen_Qwen2.5-0.5B-Instruct', 'ai_regulation')": {
    "best_layer": 13,
    "best_acc": 0.9833333333333334,
    "accs": [
      0.6333333333333334,
      0.7999999999999999,
      0.8166666666666667,
      0.8666666666666668,
      0.8833333333333332,
      0.8833333333333334,
      0.9,
      0.8833333333333334,
      0.8666666666666666,
      0.9,
      0.9,
      0.95,
      0.9666666666666666,
      0.9833333333333334,
      0.95,
      0.95,
      0.95,
      0.9833333333333334,
      0.95,
      0.9666666666666668,
      0.9666666666666668,
      0.9333333333333333,
      0.9,
      0.9
    ],
    "n": 60
  },
  "('Qwen_Qwen2.5-0.5B-Instruct', 'remote_work')": {
    "best_layer": 1,
    "best_acc": 1.0,
    "accs": [
      0.9,
      1.0,
      1.0,
      1.0,
      0.9833333333333332,
      1.0,
      1.0,
      1.0,
      1.0,
      0.9833333333333332,
      1.0,
      1.0,
      1.0,
      1.0,
      1.0,
      1.0,
      1.0,
      1.0,
      0.9833333333333332,
      0.9833333333333332,
      0.9666666666666666,
      0.9166666666666667,
      0.9166666666666666,
      0.9333333333333332
    ],
    "n": 60
  },
  "('Qwen_Qwen2.5-0.5B-Instruct', 'ubi')": {
    "best_layer": 15,
    "best_acc": 0.9666666666666668,
    "accs": [
      0.8,
      0.9666666666666666,
      0.9666666666666666,
      0.9166666666666666,
      0.9166666666666666,
      0.9,
      0.9,
      0.9,
      0.9,
      0.9333333333333333,
      0.9,
      0.8666666666666666,
      0.95,
      0.95,
      0.95,
      0.9666666666666668,
      0.95,
      0.9333333333333333,
      0.9333333333333333,
      0.9333333333333332,
      0.9333333333333332,
      0.9333333333333333,
      0.95,
      0.95
    ],
    "n": 60
  },
  "('Qwen_Qwen2.5-1.5B-Instruct', 'ai_regulation')": {
    "best_layer": 26,
    "best_acc": 0.9666666666666666,
    "accs": [
      0.6000000000000001,
      0.6833333333333333,
      0.5833333333333334,
      0.5166666666666666,
      0.5833333333333333,
      0.5833333333333334,
      0.6166666666666666,
      0.5666666666666667,
      0.5666666666666667,
      0.6166666666666667,
      0.6,
      0.6166666666666666,
      0.65,
      0.7333333333333333,
      0.7333333333333333,
      0.7333333333333333,
      0.7000000000000001,
      0.7000000000000001,
      0.6666666666666667,
      0.7,
      0.7166666666666667,
      0.7,
      0.7333333333333334,
      0.7666666666666666,
      0.7999999999999999,
      0.8166666666666667,
      0.9666666666666666,
      0.95
    ],
    "n": 60
  },
  "('Qwen_Qwen2.5-1.5B-Instruct', 'remote_work')": {
    "best_layer": 27,
    "best_acc": 0.9166666666666667,
    "accs": [
      0.7,
      0.7,
      0.6666666666666667,
      0.65,
      0.6333333333333333,
      0.8166666666666667,
      0.8166666666666667,
      0.7666666666666667,
      0.75,
      0.7833333333333333,
      0.75,
      0.7666666666666667,
      0.8166666666666667,
      0.8,
      0.7666666666666666,
      0.8,
      0.7666666666666666,
      0.8333333333333334,
      0.8166666666666667,
      0.8166666666666667,
      0.8666666666666666,
      0.8833333333333332,
      0.8666666666666666,
      0.9,
      0.9,
      0.9166666666666666,
      0.9,
      0.9166666666666667
    ],
    "n": 60
  },
  "('Qwen_Qwen2.5-1.5B-Instruct', 'ubi')": {
    "best_layer": 25,
    "best_acc": 0.95,
    "accs": [
      0.7500000000000001,
      0.7666666666666667,
      0.7833333333333334,
      0.75,
      0.7333333333333334,
      0.8333333333333334,
      0.8,
      0.8,
      0.8,
      0.8,
      0.75,
      0.7333333333333333,
      0.8166666666666667,
      0.7833333333333333,
      0.8166666666666667,
      0.8333333333333333,
      0.8,
      0.8333333333333333,
      0.8333333333333333,
      0.8333333333333333,
      0.8833333333333332,
      0.9,
      0.8833333333333334,
      0.9,
      0.9166666666666666,
      0.95,
      0.9333333333333332,
      0.9333333333333332
    ],
    "n": 60
  },
  "('Qwen_Qwen2.5-3B-Instruct', 'ai_regulation')": {
    "best_layer": 12,
    "best_acc": 0.9833333333333332,
    "accs": [
      0.8666666666666666,
      0.8666666666666668,
      0.9166666666666667,
      0.9,
      0.9,
      0.8666666666666666,
      0.8833333333333334,
      0.9333333333333333,
      0.9666666666666668,
      0.95,
      0.9333333333333333,
      0.9666666666666666,
      0.9833333333333332,
      0.9666666666666666,
      0.9333333333333332,
      0.95,
      0.8333333333333333,
      0.85,
      0.8333333333333333,
      0.8333333333333334,
      0.9666666666666666,
      0.9166666666666666,
      0.8833333333333332,
      0.9166666666666666,
      0.9166666666666666,
      0.9,
      0.8833333333333334,
      0.9,
      0.8666666666666666,
      0.9166666666666666,
      0.9166666666666666,
      0.9,
      0.9166666666666666,
      0.8833333333333334,
      0.9,
      0.9166666666666666
    ],
    "n": 60
  },
  "('Qwen_Qwen2.5-3B-Instruct', 'remote_work')": {
    "best_layer": 20,
    "best_acc": 0.95,
    "accs": [
      0.8,
      0.7166666666666666,
      0.6833333333333333,
      0.7500000000000001,
      0.7166666666666666,
      0.6333333333333333,
      0.7,
      0.7666666666666667,
      0.7333333333333333,
      0.7333333333333334,
      0.8166666666666667,
      0.8333333333333333,
      0.8,
      0.8166666666666668,
      0.8166666666666667,
      0.8,
      0.7333333333333334,
      0.7833333333333334,
      0.8333333333333333,
      0.9,
      0.95,
      0.9333333333333332,
      0.9333333333333332,
      0.95,
      0.9,
      0.8666666666666668,
      0.9,
      0.85,
      0.8333333333333334,
      0.8333333333333334,
      0.8,
      0.7833333333333334,
      0.7333333333333333,
      0.8,
      0.8,
      0.7833333333333333
    ],
    "n": 60
  },
  "('Qwen_Qwen2.5-3B-Instruct', 'ubi')": {
    "best_layer": 9,
    "best_acc": 0.95,
    "accs": [
      0.9,
      0.9333333333333332,
      0.9166666666666666,
      0.9166666666666666,
      0.9166666666666666,
      0.9333333333333332,
      0.9,
      0.9,
      0.9,
      0.95,
      0.9,
      0.9,
      0.95,
      0.9,
      0.9333333333333332,
      0.9,
      0.9333333333333333,
      0.9,
      0.9166666666666667,
      0.8833333333333334,
      0.9,
      0.9333333333333333,
      0.8833333333333334,
      0.8666666666666666,
      0.9166666666666666,
      0.9,
      0.8833333333333334,
      0.8833333333333332,
      0.9,
      0.9166666666666666,
      0.9,
      0.9166666666666666,
      0.8833333333333332,
      0.85,
      0.9,
      0.9
    ],
    "n": 60
  },
  "('Qwen_Qwen2.5-7B-Instruct', 'ai_regulation')": {
    "best_layer": 4,
    "best_acc": 0.9,
    "accs": [
      0.85,
      0.7833333333333333,
      0.8333333333333334,
      0.8666666666666666,
      0.9,
      0.8666666666666666,
      0.8833333333333332,
      0.8666666666666666,
      0.85,
      0.85,
      0.8,
      0.8166666666666667,
      0.9,
      0.8666666666666668,
      0.8666666666666668,
      0.8666666666666668,
      0.8666666666666668,
      0.8833333333333334,
      0.9,
      0.8833333333333334,
      0.8666666666666668,
      0.85,
      0.8833333333333334,
      0.8666666666666668,
      0.85,
      0.8666666666666666,
      0.8666666666666666,
      0.8666666666666666
    ],
    "n": 60
  },
  "('Qwen_Qwen2.5-7B-Instruct', 'remote_work')": {
    "best_layer": 10,
    "best_acc": 0.9,
    "accs": [
      0.7666666666666668,
      0.7000000000000001,
      0.75,
      0.75,
      0.7666666666666667,
      0.7833333333333333,
      0.7666666666666666,
      0.8,
      0.8,
      0.8833333333333334,
      0.9,
      0.8833333333333334,
      0.8833333333333334,
      0.9,
      0.8666666666666666,
      0.8833333333333332,
      0.85,
      0.85,
      0.8333333333333333,
      0.8666666666666666,
      0.85,
      0.9,
      0.85,
      0.8166666666666667,
      0.8,
      0.8166666666666667,
      0.8166666666666667,
      0.8166666666666667
    ],