[queue] target=1800 done=0 pending_now=1800 output=/Users/usman/Documents/Vibed/socialresearch/results/reviewer_controls.jsonl
llama3.2:3b/remote_work/no_feed/s0 -> C (3.2s)
[queue 1/1800] ok ('llama3.2:3b', 'remote_work', 'no_feed', 0) job=8s eta=4.1h
llama3.2:3b/remote_work/no_feed/s1 -> C (1.0s)
[queue 2/1800] ok ('llama3.2:3b', 'remote_work', 'no_feed', 1) job=5s eta=3.2h
llama3.2:3b/remote_work/no_feed/s2 -> C (0.8s)
[queue 3/1800] ok ('llama3.2:3b', 'remote_work', 'no_feed', 2) job=4s eta=2.8h
llama3.2:3b/remote_work/no_feed/s3 -> C (0.8s)
[queue 4/1800] ok ('llama3.2:3b', 'remote_work', 'no_feed', 3) job=4s eta=2.6h
llama3.2:3b/remote_work/no_feed/s4 -> C (1.1s)
[queue 5/1800] ok ('llama3.2:3b', 'remote_work', 'no_feed', 4) job=4s eta=2.5h
llama3.2:3b/remote_work/no_feed/s5 -> B (0.9s)
[queue 6/1800] ok ('llama3.2:3b', 'remote_work', 'no_feed', 5) job=4s eta=2.5h
llama3.2:3b/remote_work/no_feed/s6 -> C (1.1s)
[queue 7/1800] ok ('llama3.2:3b', 'remote_work', 'no_feed', 6) job=4s eta=2.4h
llama3.2:3b/remote_work/no_feed/s7 -> C (1.2s)
[queue 8/1800] ok ('llama3.2:3b', 'remote_work', 'no_feed', 7) job=4s eta=2.4h
llama3.2:3b/remote_work/no_feed/s8 -> C (0.8s)
[queue 9/1800] ok ('llama3.2:3b', 'remote_work', 'no_feed', 8) job=4s eta=2.3h
llama3.2:3b/remote_work/no_feed/s9 -> C (1.0s)
[queue 10/1800] ok ('llama3.2:3b', 'remote_work', 'no_feed', 9) job=4s eta=2.3h
llama3.2:3b/remote_work/no_feed/s10 -> C (1.2s)
[queue 11/1800] ok ('llama3.2:3b', 'remote_work', 'no_feed', 10) job=4s eta=2.3h
llama3.2:3b/remote_work/no_feed/s11 -> C (0.7s)
[queue 12/1800] ok ('llama3.2:3b', 'remote_work', 'no_feed', 11) job=4s eta=2.3h
llama3.2:3b/remote_work/no_feed/s12 -> C (0.9s)
[queue 13/1800] ok ('llama3.2:3b', 'remote_work', 'no_feed', 12) job=4s eta=2.3h
llama3.2:3b/remote_work/no_feed/s13 -> B (0.8s)
[queue 14/1800] ok ('llama3.2:3b', 'remote_work', 'no_feed', 13) job=4s eta=2.3h
llama3.2:3b/remote_work/no_feed/s14 -> C (1.0s)
[queue 15/1800] ok ('llama3.2:3b', 'remote_work', 'no_feed', 14) job=4s eta=2.2h
llama3.2:3b/remote_work/no_feed/s15 -> C (1.0s)
[queue 16/1800] ok ('llama3.2:3b', 'remote_work', 'no_feed', 15) job=4s eta=2.2h
llama3.2:3b/remote_work/no_feed/s16 -> C (0.8s)
[queue 17/1800] ok ('llama3.2:3b', 'remote_work', 'no_feed', 16) job=4s eta=2.2h
llama3.2:3b/remote_work/no_feed/s17 -> C (0.8s)
[queue 18/1800] ok ('llama3.2:3b', 'remote_work', 'no_feed', 17) job=4s eta=2.2h
llama3.2:3b/remote_work/no_feed/s18 -> C (1.0s)
[queue 19/1800] ok ('llama3.2:3b', 'remote_work', 'no_feed', 18) job=4s eta=2.2h
llama3.2:3b/remote_work/no_feed/s19 -> C (0.9s)
[queue 20/1800] ok ('llama3.2:3b', 'remote_work', 'no_feed', 19) job=4s eta=2.2h
llama3.2:3b/remote_work/no_feed/s20 -> B (0.9s)
[queue 21/1800] ok ('llama3.2:3b', 'remote_work', 'no_feed', 20) job=4s eta=2.2h
llama3.2:3b/remote_work/no_feed/s21 -> C (0.7s)
[queue 22/1800] ok ('llama3.2:3b', 'remote_work', 'no_feed', 21) job=4s eta=2.2h
llama3.2:3b/remote_work/no_feed/s22 -> B (0.9s)
[queue 23/1800] ok ('llama3.2:3b', 'remote_work', 'no_feed', 22) job=4s eta=2.2h
llama3.2:3b/remote_work/no_feed/s23 -> C (0.8s)
[queue 24/1800] ok ('llama3.2:3b', 'remote_work', 'no_feed', 23) job=4s eta=2.2h
llama3.2:3b/remote_work/no_feed/s24 -> C (0.7s)
[queue 25/1800] ok ('llama3.2:3b', 'remote_work', 'no_feed', 24) job=4s eta=2.2h
llama3.2:3b/remote_work/no_feed/s25 -> C (1.1s)
[queue 26/1800] ok ('llama3.2:3b', 'remote_work', 'no_feed', 25) job=4s eta=2.2h
llama3.2:3b/remote_work/no_feed/s26 -> C (1.0s)
[queue 27/1800] ok ('llama3.2:3b', 'remote_work', 'no_feed', 26) job=4s eta=2.2h
llama3.2:3b/remote_work/no_feed/s27 -> C (0.9s)
[queue 28/1800] ok ('llama3.2:3b', 'remote_work', 'no_feed', 27) job=4s eta=2.2h
llama3.2:3b/remote_work/no_feed/s28 -> C (1.1s)
[queue 29/1800] ok ('llama3.2:3b', 'remote_work', 'no_feed', 28) job=5s eta=2.2h
llama3.2:3b/remote_work/no_feed/s29 -> C (0.8s)
[queue 30/1800] ok ('llama3.2:3b', 'remote_work', 'no_feed', 29) job=5s eta=2.2h
llama3.2:3b/remote_work/no_feed/s30 -> C (0.8s)
[queue 31/1800] ok ('llama3.2:3b', 'remote_work', 'no_feed', 30) job=5s eta=2.2h
llama3.2:3b/remote_work/no_feed/s31 -> B (0.8s)
[queue 32/1800] ok ('llama3.2:3b', 'remote_work', 'no_feed', 31) job=5s eta=2.2h
llama3.2:3b/remote_work/no_feed/s32 -> C (1.0s)
[queue 33/1800] ok ('llama3.2:3b', 'remote_work', 'no_feed', 32) job=5s eta=2.2h
llama3.2:3b/remote_work/no_feed/s33 -> B (0.7s)
[queue 34/1800] ok ('llama3.2:3b', 'remote_work', 'no_feed', 33) job=5s eta=2.2h
llama3.2:3b/remote_work/no_feed/s34 -> C (0.9s)
[queue 35/1800] ok ('llama3.2:3b', 'remote_work', 'no_feed', 34) job=5s eta=2.2h
llama3.2:3b/remote_work/no_feed/s35 -> C (1.0s)
[queue 36/1800] ok ('llama3.2:3b', 'remote_work', 'no_feed', 35) job=6s eta=2.2h
llama3.2:3b/remote_work/no_feed/s36 -> C (1.0s)
[queue 37/1800] ok ('llama3.2:3b', 'remote_work', 'no_feed', 36) job=6s eta=2.2h
llama3.2:3b/remote_work/no_feed/s37 -> C (0.8s)
[queue 38/1800] ok ('llama3.2:3b', 'remote_work', 'no_feed', 37) job=6s eta=2.2h
llama3.2:3b/remote_work/no_feed/s38 -> C (0.8s)
[queue 39/1800] ok ('llama3.2:3b', 'remote_work', 'no_feed', 38) job=6s eta=2.3h
llama3.2:3b/remote_work/no_feed/s39 -> C (1.0s)
[queue 40/1800] ok ('llama3.2:3b', 'remote_work', 'no_feed', 39) job=6s eta=2.3h
llama3.2:3b/remote_work/no_feed/s40 -> C (0.9s)
[queue 41/1800] ok ('llama3.2:3b', 'remote_work', 'no_feed', 40) job=6s eta=2.3h
llama3.2:3b/remote_work/no_feed/s41 -> C (0.9s)
[queue 42/1800] ok ('llama3.2:3b', 'remote_work', 'no_feed', 41) job=6s eta=2.3h
llama3.2:3b/remote_work/no_feed/s42 -> C (1.0s)
[queue 43/1800] ok ('llama3.2:3b', 'remote_work', 'no_feed', 42) job=6s eta=2.3h
llama3.2:3b/remote_work/no_feed/s43 -> C (1.0s)
[queue 44/1800] ok ('llama3.2:3b', 'remote_work', 'no_feed', 43) job=6s eta=2.3h
llama3.2:3b/remote_work/no_feed/s44 -> B (0.9s)
[queue 45/1800] ok ('llama3.2:3b', 'remote_work', 'no_feed', 44) job=6s eta=2.3h
llama3.2:3b/remote_work/no_feed/s45 -> C (1.0s)
[queue 46/1800] ok ('llama3.2:3b', 'remote_work', 'no_feed', 45) job=6s eta=2.4h
llama3.2:3b/remote_work/no_feed/s46 -> B (0.7s)
[queue 47/1800] ok ('llama3.2:3b', 'remote_work', 'no_feed', 46) job=6s eta=2.4h
llama3.2:3b/remote_work/no_feed/s47 -> C (1.1s)
[queue 48/1800] ok ('llama3.2:3b', 'remote_work', 'no_feed', 47) job=6s eta=2.4h
llama3.2:3b/remote_work/no_feed/s48 -> B (0.9s)
[queue 49/1800] ok ('llama3.2:3b', 'remote_work', 'no_feed', 48) job=6s eta=2.4h
llama3.2:3b/remote_work/no_feed/s49 -> C (0.9s)
[queue 50/1800] ok ('llama3.2:3b', 'remote_work', 'no_feed', 49) job=6s eta=2.4h
gemma4:e4b/remote_work/no_feed/s0 -> B (8.8s)
[queue 51/1800] ok ('gemma4:e4b', 'remote_work', 'no_feed', 0) job=14s eta=2.5h
gemma4:e4b/remote_work/no_feed/s1 -> B (1.1s)
[queue 52/1800] ok ('gemma4:e4b', 'remote_work', 'no_feed', 1) job=7s eta=2.5h
gemma4:e4b/remote_work/no_feed/s2 -> B (1.2s)
[queue 53/1800] ok ('gemma4:e4b', 'remote_work', 'no_feed', 2) job=7s eta=2.5h
gemma4:e4b/remote_work/no_feed/s3 -> B (1.1s)
[queue 54/1800] ok ('gemma4:e4b', 'remote_work', 'no_feed', 3) job=6s eta=2.5h
gemma4:e4b/remote_work/no_feed/s4 -> B (1.2s)
[queue 55/1800] ok ('gemma4:e4b', 'remote_work', 'no_feed', 4) job=6s eta=2.5h
gemma4:e4b/remote_work/no_feed/s5 -> B (1.3s)
[queue 56/1800] ok ('gemma4:e4b', 'remote_work', 'no_feed', 5) job=6s eta=2.5h
gemma4:e4b/remote_work/no_feed/s6 -> B (1.1s)
[queue 57/1800] ok ('gemma4:e4b', 'remote_work', 'no_feed', 6) job=6s eta=2.5h
gemma4:e4b/remote_work/no_feed/s7 -> B (1.3s)
[queue 58/1800] ok ('gemma4:e4b', 'remote_work', 'no_feed', 7) job=6s eta=2.5h
gemma4:e4b/remote_work/no_feed/s8 -> B (1.2s)
[queue 59/1800] ok ('gemma4:e4b', 'remote_work', 'no_feed', 8) job=6s eta=2.6h
gemma4:e4b/remote_work/no_feed/s9 -> B (1.6s)
[queue 60/1800] ok ('gemma4:e4b', 'remote_work', 'no_feed', 9) job=9s eta=2.6h
gemma4:e4b/remote_work/no_feed/s10 -> B (1.1s)
[queue 61/1800] ok ('gemma4:e4b', 'remote_work', 'no_feed', 10) job=7s eta=2.6h
gemma4:e4b/remote_work/no_feed/s11 -> B (1.3s)
[queue 62/1800] ok ('gemma4:e4b', 'remote_work', 'no_feed', 11) job=7s eta=2.6h
gemma4:e4b/remote_work/no_feed/s12 -> B (1.2s)
[queue 63/1800] ok ('gemma4:e4b', 'remote_work', 'no_feed', 12) job=7s eta=2.6h
gemma4:e4b/remote_work/no_feed/s13 -> B (1.6s)
[queue 64/1800] ok ('gemma4:e4b', 'remote_work', 'no_feed', 13) job=7s eta=2.6h
gemma4:e4b/remote_work/no_feed/s14 -> B (1.4s)
[queue 65/1800] ok ('gemma4:e4b', 'remote_work', 'no_feed', 14) job=7s eta=2.6h
gemma4:e4b/remote_work/no_feed/s15 -> B (1.1s)
[queue 66/1800] ok ('gemma4:e4b', 'remote_work', 'no_feed', 15) job=6s eta=2.6h
gemma4:e4b/remote_work/no_feed/s16 -> B (1.3s)
[queue 67/1800] ok ('gemma4:e4b', 'remote_work', 'no_feed', 16) job=6s eta=2.6h
gemma4:e4b/remote_work/no_feed/s17 -> B (1.1s)
[queue 68/1800] ok ('gemma4:e4b', 'remote_work', 'no_feed', 17) job=6s eta=2.6h
gemma4:e4b/remote_work/no_feed/s18 -> B (1.2s)
[queue 69/1800] ok ('gemma4:e4b', 'remote_work', 'no_feed', 18) job=6s eta=2.6h
gemma4:e4b/remote_work/no_feed/s19 -> B (1.1s)
[queue 70/1800] ok ('gemma4:e4b', 'remote_work', 'no_feed', 19) job=6s eta=2.6h
gemma4:e4b/remote_work/no_feed/s20 -> B (1.2s)
[queue 71/1800] ok ('gemma4:e4b', 'remote_work', 'no_feed', 20) job=6s eta=2.6h
gemma4:e4b/remote_work/no_feed/s21 -> B (1.3s)
[queue 72/1800] ok ('gemma4:e4b', 'remote_work', 'no_feed', 21) job=6s eta=2.6h
gemma4:e4b/remote_work/no_feed/s22 -> B (1.3s)
[queue 73/1800] ok ('gemma4:e4b', 'remote_work', 'no_feed', 22) job=6s eta=2.7h
gemma4:e4b/remote_work/no_feed/s23 -> B (1.3s)
[queue 74/1800] ok ('gemma4:e4b', 'remote_work', 'no_feed', 23) job=6s eta=2.7h
gemma4:e4b/remote_work/no_feed/s24 -> B (1.1s)
[queue 75/1800] ok ('gemma4:e4b', 'remote_work', 'no_feed', 24) job=6s eta=2.7h
gemma4:e4b/remote_work/no_feed/s25 -> B (1.4s)
[queue 76/1800] ok ('gemma4:e4b', 'remote_work', 'no_feed', 25) job=6s eta=2.7h
gemma4:e4b/remote_work/no_feed/s26 -> B (1.2s)
[queue 77/1800] ok ('gemma4:e4b', 'remote_work', 'no_feed', 26) job=7s eta=2.7h
gemma4:e4b/remote_work/no_feed/s27 -> B (1.3s)
[queue 78/1800] ok ('gemma4:e4b', 'remote_work', 'no_feed', 27) job=6s eta=2.7h
gemma4:e4b/remote_work/no_feed/s28 -> B (1.2s)
[queue 79/1800] ok ('gemma4:e4b', 'remote_work', 'no_feed', 28) job=6s eta=2.7h
gemma4:e4b/remote_work/no_feed/s29 -> B (1.4s)
[queue 80/1800] ok ('gemma4:e4b', 'remote_work', 'no_feed', 29) job=7s eta=2.7h
gemma4:e4b/remote_work/no_feed/s30 -> B (1.0s)
[queue 81/1800] ok ('gemma4:e4b', 'remote_work', 'no_feed', 30) job=6s eta=2.7h
gemma4:e4b/remote_work/no_feed/s31 -> B (1.1s)
[queue 82/1800] ok ('gemma4:e4b', 'remote_work', 'no_feed', 31) job=6s eta=2.7h
gemma4:e4b/remote_work/no_feed/s32 -> B (1.2s)
[queue 83/1800] ok ('gemma4:e4b', 'remote_work', 'no_feed', 32) job=6s eta=2.7h
gemma4:e4b/remote_work/no_feed/s33 -> B (1.9s)
[queue 84/1800] ok ('gemma4:e4b', 'remote_work', 'no_feed', 33) job=7s eta=2.7h
gemma4:e4b/remote_work/no_feed/s34 -> B (1.2s)
[queue 85/1800] ok ('gemma4:e4b', 'remote_work', 'no_feed', 34) job=6s eta=2.7h
gemma4:e4b/remote_work/no_feed/s35 -> B (1.0s)
[queue 86/1800] ok ('gemma4:e4b', 'remote_work', 'no_feed', 35) job=6s eta=2.7h
gemma4:e4b/remote_work/no_feed/s36 -> B (1.3s)
[queue 87/1800] ok ('gemma4:e4b', 'remote_work', 'no_feed', 36) job=6s eta=2.7h
gemma4:e4b/remote_work/no_feed/s37 -> B (1.1s)
[queue 88/1800] ok ('gemma4:e4b', 'remote_work', 'no_feed', 37) job=6s eta=2.7h
gemma4:e4b/remote_work/no_feed/s38 -> B (1.1s)
[queue 89/1800] ok ('gemma4:e4b', 'remote_work', 'no_feed', 38) job=6s eta=2.7h
gemma4:e4b/remote_work/no_feed/s39 -> B (1.3s)
[queue 90/1800] ok ('gemma4:e4b', 'remote_work', 'no_feed', 39) job=6s eta=2.7h
gemma4:e4b/remote_work/no_feed/s40 -> B (1.2s)
[queue 91/1800] ok ('gemma4:e4b', 'remote_work', 'no_feed', 40) job=6s eta=2.7h
gemma4:e4b/remote_work/no_feed/s41 -> B (1.4s)
[queue 92/1800] ok ('gemma4:e4b', 'remote_work', 'no_feed', 41) job=7s eta=2.7h
gemma4:e4b/remote_work/no_feed/s42 -> B (1.2s)
[queue 93/1800] ok ('gemma4:e4b', 'remote_work', 'no_feed', 42) job=6s eta=2.7h
gemma4:e4b/remote_work/no_feed/s43 -> B (1.1s)
[queue 94/1800] ok ('gemma4:e4b', 'remote_work', 'no_feed', 43) job=6s eta=2.7h
gemma4:e4b/remote_work/no_feed/s44 -> B (2.9s)
[queue 95/1800] ok ('gemma4:e4b', 'remote_work', 'no_feed', 44) job=8s eta=2.7h
gemma4:e4b/remote_work/no_feed/s45 -> B (1.4s)
[queue 96/1800] ok ('gemma4:e4b', 'remote_work', 'no_feed', 45) job=6s eta=2.7h
gemma4:e4b/remote_work/no_feed/s46 -> B (1.2s)
[queue 97/1800] ok ('gemma4:e4b', 'remote_work', 'no_feed', 46) job=6s eta=2.7h
gemma4:e4b/remote_work/no_feed/s47 -> B (1.2s)
[queue 98/1800] ok ('gemma4:e4b', 'remote_work', 'no_feed', 47) job=6s eta=2.7h
gemma4:e4b/remote_work/no_feed/s48 -> B (1.1s)
[queue 99/1800] ok ('gemma4:e4b', 'remote_work', 'no_feed', 48) job=6s eta=2.7h
gemma4:e4b/remote_work/no_feed/s49 -> B (1.2s)
[queue 100/1800] ok ('gemma4:e4b', 'remote_work', 'no_feed', 49) job=6s eta=2.7h
qwen3.5:2b/remote_work/no_feed/s0 -> B (4.4s)
[queue 101/1800] ok ('qwen3.5:2b', 'remote_work', 'no_feed', 0) job=10s eta=2.7h
qwen3.5:2b/remote_work/no_feed/s1 -> B (1.3s)
[queue 102/1800] ok ('qwen3.5:2b', 'remote_work', 'no_feed', 1) job=6s eta=2.7h
qwen3.5:2b/remote_work/no_feed/s2 -> B (0.9s)
[queue 103/1800] ok ('qwen3.5:2b', 'remote_work', 'no_feed', 2) job=6s eta=2.7h
qwen3.5:2b/remote_work/no_feed/s3 -> B (1.2s)
[queue 104/1800] ok ('qwen3.5:2b', 'remote_work', 'no_feed', 3) job=6s eta=2.7h
qwen3.5:2b/remote_work/no_feed/s4 -> B (1.1s)
[queue 105/1800] ok ('qwen3.5:2b', 'remote_work', 'no_feed', 4) job=7s eta=2.7h
qwen3.5:2b/remote_work/no_feed/s5 -> A (1.1s)
[queue 106/1800] ok ('qwen3.5:2b', 'remote_work', 'no_feed', 5) job=6s eta=2.7h
qwen3.5:2b/remote_work/no_feed/s6 -> B (1.3s)
[queue 107/1800] ok ('qwen3.5:2b', 'remote_work', 'no_feed', 6) job=7s eta=2.8h
qwen3.5:2b/remote_work/no_feed/s7 -> B (1.4s)
[queue 108/1800] ok ('qwen3.5:2b', 'remote_work', 'no_feed', 7) job=7s eta=2.8h
qwen3.5:2b/remote_work/no_feed/s8 -> B (1.1s)
[queue 109/1800] ok ('qwen3.5:2b', 'remote_work', 'no_feed', 8) job=6s eta=2.8h
qwen3.5:2b/remote_work/no_feed/s9 -> B (1.0s)
[queue 110/1800] ok ('qwen3.5:2b', 'remote_work', 'no_feed', 9) job=6s eta=2.8h
qwen3.5:2b/remote_work/no_feed/s10 -> B (1.1s)
[queue 111/1800] ok ('qwen3.5:2b', 'remote_work', 'no_feed', 10) job=6s eta=2.8h
qwen3.5:2b/remote_work/no_feed/s11 -> B (1.1s)
[queue 112/1800] ok ('qwen3.5:2b', 'remote_work', 'no_feed', 11) job=6s eta=2.8h
qwen3.5:2b/remote_work/no_feed/s12 -> B (1.1s)
[queue 113/1800] ok ('qwen3.5:2b', 'remote_work', 'no_feed', 12) job=6s eta=2.8h
qwen3.5:2b/remote_work/no_feed/s13 -> A (1.2s)
[queue 114/1800] ok ('qwen3.5:2b', 'remote_work', 'no_feed', 13) job=6s eta=2.8h
qwen3.5:2b/remote_work/no_feed/s14 -> B (1.5s)
[queue 115/1800] ok ('qwen3.5:2b', 'remote_work', 'no_feed', 14) job=7s eta=2.8h
qwen3.5:2b/remote_work/no_feed/s15 -> B (1.3s)
[queue 116/1800] ok ('qwen3.5:2b', 'remote_work', 'no_feed', 15) job=7s eta=2.8h
qwen3.5:2b/remote_work/no_feed/s16 -> B (1.2s)
[queue 117/1800] ok ('qwen3.5:2b', 'remote_work', 'no_feed', 16) job=7s eta=2.8h
qwen3.5:2b/remote_work/no_feed/s17 -> B (1.2s)
[queue 118/1800] ok ('qwen3.5:2b', 'remote_work', 'no_feed', 17) job=7s eta=2.8h
qwen3.5:2b/remote_work/no_feed/s18 -> B (1.1s)
[queue 119/1800] ok ('qwen3.5:2b', 'remote_work', 'no_feed', 18) job=6s eta=2.8h
qwen3.5:2b/remote_work/no_feed/s19 -> B (1.2s)
[queue 120/1800] ok ('qwen3.5:2b', 'remote_work', 'no_feed', 19) job=6s eta=2.8h
qwen3.5:2b/remote_work/no_feed/s20 -> A (1.3s)
[queue 121/1800] ok ('qwen3.5:2b', 'remote_work', 'no_feed', 20) job=7s eta=2.8h
qwen3.5:2b/remote_work/no_feed/s21 -> B (1.4s)
[queue 122/1800] ok ('qwen3.5:2b', 'remote_work', 'no_feed', 21) job=7s eta=2.8h
qwen3.5:2b/remote_work/no_feed/s22 -> B (1.3s)
[queue 123/1800] ok ('qwen3.5:2b', 'remote_work', 'no_feed', 22) job=7s eta=2.8h
qwen3.5:2b/remote_work/no_feed/s23 -> B (1.0s)
[queue 124/1800] ok ('qwen3.5:2b', 'remote_work', 'no_feed', 23) job=6s eta=2.8h
qwen3.5:2b/remote_work/no_feed/s24 -> B (1.3s)
[queue 125/1800] ok ('qwen3.5:2b', 'remote_work', 'no_feed', 24) job=6s eta=2.8h
qwen3.5:2b/remote_work/no_feed/s25 -> B (1.3s)
[queue 126/1800] ok ('qwen3.5:2b', 'remote_work', 'no_feed', 25) job=7s eta=2.8h
qwen3.5:2b/remote_work/no_feed/s26 -> B (1.2s)
[queue 127/1800] ok ('qwen3.5:2b', 'remote_work', 'no_feed', 26) job=6s eta=2.8h
qwen3.5:2b/remote_work/no_feed/s27 -> B (1.3s)
[queue 128/1800] ok ('qwen3.5:2b', 'remote_work', 'no_feed', 27) job=7s eta=2.8h
qwen3.5:2b/remote_work/no_feed/s28 -> B (1.4s)
[queue 129/1800] ok ('qwen3.5:2b', 'remote_work', 'no_feed', 28) job=7s eta=2.8h
qwen3.5:2b/remote_work/no_feed/s29 -> B (1.2s)
[queue 130/1800] ok ('qwen3.5:2b', 'remote_work', 'no_feed', 29) job=7s eta=2.8h
qwen3.5:2b/remote_work/no_feed/s30 -> B (1.2s)
[queue 131/1800] ok ('qwen3.5:2b', 'remote_work', 'no_feed', 30) job=6s eta=2.8h
qwen3.5:2b/remote_work/no_feed/s31 -> A (1.4s)
[queue 132/1800] ok ('qwen3.5:2b', 'remote_work', 'no_feed', 31) job=7s eta=2.8h
qwen3.5:2b/remote_work/no_feed/s32 -> B (1.0s)
[queue 133/1800] ok ('qwen3.5:2b', 'remote_work', 'no_feed', 32) job=6s eta=2.8h
qwen3.5:2b/remote_work/no_feed/s33 -> A (1.0s)
[queue 134/1800] ok ('qwen3.5:2b', 'remote_work', 'no_feed', 33) job=6s eta=2.8h
qwen3.5:2b/remote_work/no_feed/s34 -> B (0.9s)
[queue 135/1800] ok ('qwen3.5:2b', 'remote_work', 'no_feed', 34) job=6s eta=2.8h
qwen3.5:2b/remote_work/no_feed/s35 -> B (0.9s)
[queue 136/1800] ok ('qwen3.5:2b', 'remote_work', 'no_feed', 35) job=6s eta=2.8h
qwen3.5:2b/remote_work/no_feed/s36 -> B (1.0s)
[queue 137/1800] ok ('qwen3.5:2b', 'remote_work', 'no_feed', 36) job=6s eta=2.8h
qwen3.5:2b/remote_work/no_feed/s37 -> B (1.0s)
[queue 138/1800] ok ('qwen3.5:2b', 'remote_work', 'no_feed', 37) job=6s eta=2.8h
qwen3.5:2b/remote_work/no_feed/s38 -> B (1.6s)
[queue 139/1800] ok ('qwen3.5:2b', 'remote_work', 'no_feed', 38) job=7s eta=2.8h
qwen3.5:2b/remote_work/no_feed/s39 -> B (1.0s)
[queue 140/1800] ok ('qwen3.5:2b', 'remote_work', 'no_feed', 39) job=6s eta=2.8h
qwen3.5:2b/remote_work/no_feed/s40 -> B (1.3s)
[queue 141/1800] ok ('qwen3.5:2b', 'remote_work', 'no_feed', 40) job=7s eta=2.8h
qwen3.5:2b/remote_work/no_feed/s41 -> B (1.1s)
[queue 142/1800] ok ('qwen3.5:2b', 'remote_work', 'no_feed', 41) job=7s eta=2.8h
qwen3.5:2b/remote_work/no_feed/s42 -> B (0.9s)
[queue 143/1800] ok ('qwen3.5:2b', 'remote_work', 'no_feed', 42) job=6s eta=2.8h
qwen3.5:2b/remote_work/no_feed/s43 -> B (1.0s)
[queue 144/1800] ok ('qwen3.5:2b', 'remote_work', 'no_feed', 43) job=6s eta=2.8h
qwen3.5:2b/remote_work/no_feed/s44 -> A (0.9s)
[queue 145/1800] ok ('qwen3.5:2b', 'remote_work', 'no_feed', 44) job=6s eta=2.8h
qwen3.5:2b/remote_work/no_feed/s45 -> B (1.4s)
[queue 146/1800] ok ('qwen3.5:2b', 'remote_work', 'no_feed', 45) job=7s eta=2.8h
qwen3.5:2b/remote_work/no_feed/s46 -> B (0.9s)
[queue 147/1800] ok ('qwen3.5:2b', 'remote_work', 'no_feed', 46) job=6s eta=2.8h
qwen3.5:2b/remote_work/no_feed/s47 -> B (1.0s)
[queue 148/1800] ok ('qwen3.5:2b', 'remote_work', 'no_feed', 47) job=6s eta=2.8h
qwen3.5:2b/remote_work/no_feed/s48 -> A (1.0s)
[queue 149/1800] ok ('qwen3.5:2b', 'remote_work', 'no_feed', 48) job=6s eta=2.8h
qwen3.5:2b/remote_work/no_feed/s49 -> B (1.2s)
[queue 150/1800] ok ('qwen3.5:2b', 'remote_work', 'no_feed', 49) job=7s eta=2.8h
qwen3.5:9b/remote_work/no_feed/s0 -> B (11.1s)
[queue 151/1800] ok ('qwen3.5:9b', 'remote_work', 'no_feed', 0) job=17s eta=2.8h
qwen3.5:9b/remote_work/no_feed/s1 -> B (4.6s)
[queue 152/1800] ok ('qwen3.5:9b', 'remote_work', 'no_feed', 1) job=10s eta=2.8h
qwen3.5:9b/remote_work/no_feed/s2 -> B (4.6s)
[queue 153/1800] ok ('qwen3.5:9b', 'remote_work', 'no_feed', 2) job=10s eta=2.8h
qwen3.5:9b/remote_work/no_feed/s3 -> B (4.2s)
[queue 154/1800] ok ('qwen3.5:9b', 'remote_work', 'no_feed', 3) job=10s eta=2.8h
qwen3.5:9b/remote_work/no_feed/s4 -> B (4.7s)
[queue 155/1800] ok ('qwen3.5:9b', 'remote_work', 'no_feed', 4) job=10s eta=2.8h
qwen3.5:9b/remote_work/no_feed/s5 -> B (4.2s)
[queue 156/1800] ok ('qwen3.5:9b', 'remote_work', 'no_feed', 5) job=10s eta=2.8h
qwen3.5:9b/remote_work/no_feed/s6 -> B (4.8s)
[queue 157/1800] ok ('qwen3.5:9b', 'remote_work', 'no_feed', 6) job=10s eta=2.8h
qwen3.5:9b/remote_work/no_feed/s7 -> B (3.9s)
[queue 158/1800] ok ('qwen3.5:9b', 'remote_work', 'no_feed', 7) job=9s eta=2.9h
qwen3.5:9b/remote_work/no_feed/s8 -> B (4.7s)
[queue 159/1800] ok ('qwen3.5:9b', 'remote_work', 'no_feed', 8) job=10s eta=2.9h
qwen3.5:9b/remote_work/no_feed/s9 -> B (5.0s)
[queue 160/1800] ok ('qwen3.5:9b', 'remote_work', 'no_feed', 9) job=10s eta=2.9h
qwen3.5:9b/remote_work/no_feed/s10 -> B (4.7s)
[queue 161/1800] ok ('qwen3.5:9b', 'remote_work', 'no_feed', 10) job=10s eta=2.9h
qwen3.5:9b/remote_work/no_feed/s11 -> B (4.6s)
[queue 162/1800] ok ('qwen3.5:9b', 'remote_work', 'no_feed', 11) job=10s eta=2.9h
qwen3.5:9b/remote_work/no_feed/s12 -> B (4.4s)
[queue 163/1800] ok ('qwen3.5:9b', 'remote_work', 'no_feed', 12) job=10s eta=2.9h
qwen3.5:9b/remote_work/no_feed/s13 -> B (5.3s)
[queue 164/1800] ok ('qwen3.5:9b', 'remote_work', 'no_feed', 13) job=11s eta=2.9h
qwen3.5:9b/remote_work/no_feed/s14 -> B (5.4s)
[queue 165/1800] ok ('qwen3.5:9b', 'remote_work', 'no_feed', 14) job=11s eta=2.9h
qwen3.5:9b/remote_work/no_feed/s15 -> B (4.2s)
[queue 166/1800] ok ('qwen3.5:9b', 'remote_work', 'no_feed', 15) job=9s eta=2.9h
qwen3.5:9b/remote_work/no_feed/s16 -> B (4.0s)
[queue 167/1800] ok ('qwen3.5:9b', 'remote_work', 'no_feed', 16) job=9s eta=2.9h
qwen3.5:9b/remote_work/no_feed/s17 -> B (3.9s)
[queue 168/1800] ok ('qwen3.5:9b', 'remote_work', 'no_feed', 17) job=9s eta=2.9h
qwen3.5:9b/remote_work/no_feed/s18 -> B (4.5s)
[queue 169/1800] ok ('qwen3.5:9b', 'remote_work', 'no_feed', 18) job=10s eta=2.9h
qwen3.5:9b/remote_work/no_feed/s19 -> B (4.5s)
[queue 170/1800] ok ('qwen3.5:9b', 'remote_work', 'no_feed', 19) job=10s eta=2.9h
qwen3.5:9b/remote_work/no_feed/s20 -> B (3.8s)
[queue 171/1800] ok ('qwen3.5:9b', 'remote_work', 'no_feed', 20) job=9s eta=3.0h
qwen3.5:9b/remote_work/no_feed/s21 -> B (4.8s)
[queue 172/1800] ok ('qwen3.5:9b', 'remote_work', 'no_feed', 21) job=10s eta=3.0h
qwen3.5:9b/remote_work/no_feed/s22 -> B (2.9s)
[queue 173/1800] ok ('qwen3.5:9b', 'remote_work', 'no_feed', 22) job=8s eta=3.0h
qwen3.5:9b/remote_work/no_feed/s23 -> B (4.5s)
[queue 174/1800] ok ('qwen3.5:9b', 'remote_work', 'no_feed', 23) job=10s eta=3.0h
qwen3.5:9b/remote_work/no_feed/s24 -> B (3.6s)
[queue 175/1800] ok ('qwen3.5:9b', 'remote_work', 'no_feed', 24) job=9s eta=3.0h
qwen3.5:9b/remote_work/no_feed/s25 -> B (4.4s)
[queue 176/1800] ok ('qwen3.5:9b', 'remote_work', 'no_feed', 25) job=9s eta=3.0h
qwen3.5:9b/remote_work/no_feed/s26 -> B (4.6s)
[queue 177/1800] ok ('qwen3.5:9b', 'remote_work', 'no_feed', 26) job=10s eta=3.0h
qwen3.5:9b/remote_work/no_feed/s27 -> B (5.1s)
[queue 178/1800] ok ('qwen3.5:9b', 'remote_work', 'no_feed', 27) job=10s eta=3.0h
qwen3.5:9b/remote_work/no_feed/s28 -> B (5.3s)
[queue 179/1800] ok ('qwen3.5:9b', 'remote_work', 'no_feed', 28) job=11s eta=3.0h
qwen3.5:9b/remote_work/no_feed/s29 -> B (4.9s)
[queue 180/1800] ok ('qwen3.5:9b', 'remote_work', 'no_feed', 29) job=10s eta=3.0h
qwen3.5:9b/remote_work/no_feed/s30 -> B (4.8s)
[queue 181/1800] ok ('qwen3.5:9b', 'remote_work', 'no_feed', 30) job=10s eta=3.0h
qwen3.5:9b/remote_work/no_feed/s31 -> B (3.9s)
[queue 182/1800] ok ('qwen3.5:9b', 'remote_work', 'no_feed', 31) job=9s eta=3.0h
qwen3.5:9b/remote_work/no_feed/s32 -> B (3.7s)
[queue 183/1800] ok ('qwen3.5:9b', 'remote_work', 'no_feed', 32) job=9s eta=3.0h
qwen3.5:9b/remote_work/no_feed/s33 -> B (3.5s)
[queue 184/1800] ok ('qwen3.5:9b', 'remote_work', 'no_feed', 33) job=9s eta=3.0h
qwen3.5:9b/remote_work/no_feed/s34 -> B (4.4s)
[queue 185/1800] ok ('qwen3.5:9b', 'remote_work', 'no_feed', 34) job=9s eta=3.0h
qwen3.5:9b/remote_work/no_feed/s35 -> B (4.7s)
[queue 186/1800] ok ('qwen3.5:9b', 'remote_work', 'no_feed', 35) job=10s eta=3.0h
qwen3.5:9b/remote_work/no_feed/s36 -> B (4.4s)
[queue 187/1800] ok ('qwen3.5:9b', 'remote_work', 'no_feed', 36) job=10s eta=3.0h
qwen3.5:9b/remote_work/no_feed/s37 -> B (3.9s)
[queue 188/1800] ok ('qwen3.5:9b', 'remote_work', 'no_feed', 37) job=9s eta=3.0h
qwen3.5:9b/remote_work/no_feed/s38 -> B (4.6s)
[queue 189/1800] ok ('qwen3.5:9b', 'remote_work', 'no_feed', 38) job=10s eta=3.0h
qwen3.5:9b/remote_work/no_feed/s39 -> B (3.7s)
[queue 190/1800] ok ('qwen3.5:9b', 'remote_work', 'no_feed', 39) job=9s eta=3.0h
qwen3.5:9b/remote_work/no_feed/s40 -> B (3.7s)
[queue 191/1800] ok ('qwen3.5:9b', 'remote_work', 'no_feed', 40) job=9s eta=3.1h
qwen3.5:9b/remote_work/no_feed/s41 -> B (4.5s)
[queue 192/1800] ok ('qwen3.5:9b', 'remote_work', 'no_feed', 41) job=10s eta=3.1h
qwen3.5:9b/remote_work/no_feed/s42 -> B (4.4s)
[queue 193/1800] ok ('qwen3.5:9b', 'remote_work', 'no_feed', 42) job=10s eta=3.1h
qwen3.5:9b/remote_work/no_feed/s43 -> B (4.5s)
[queue 194/1800] ok ('qwen3.5:9b', 'remote_work', 'no_feed', 43) job=10s eta=3.1h
qwen3.5:9b/remote_work/no_feed/s44 -> B (5.0s)
[queue 195/1800] ok ('qwen3.5:9b', 'remote_work', 'no_feed', 44) job=10s eta=3.1h
qwen3.5:9b/remote_work/no_feed/s45 -> B (3.9s)
[queue 196/1800] ok ('qwen3.5:9b', 'remote_work', 'no_feed', 45) job=9s eta=3.1h
qwen3.5:9b/remote_work/no_feed/s46 -> B (3.8s)
[queue 197/1800] ok ('qwen3.5:9b', 'remote_work', 'no_feed', 46) job=9s eta=3.1h
qwen3.5:9b/remote_work/no_feed/s47 -> B (3.7s)
[queue 198/1800] ok ('qwen3.5:9b', 'remote_work', 'no_feed', 47) job=9s eta=3.1h
qwen3.5:9b/remote_work/no_feed/s48 -> B (4.1s)
[queue 199/1800] ok ('qwen3.5:9b', 'remote_work', 'no_feed', 48) job=9s eta=3.1h
qwen3.5:9b/remote_work/no_feed/s49 -> B (5.4s)
[queue 200/1800] ok ('qwen3.5:9b', 'remote_work', 'no_feed', 49) job=11s eta=3.1h
llama3.2:3b/remote_work/matched_balanced/s0 -> C (95.5s)
[queue 201/1800] ok ('llama3.2:3b', 'remote_work', 'matched_balanced', 0) job=101s eta=3.3h
llama3.2:3b/remote_work/matched_balanced/s1 -> C (81.4s)
[queue 202/1800] ok ('llama3.2:3b', 'remote_work', 'matched_balanced', 1) job=87s eta=3.5h
llama3.2:3b/remote_work/matched_balanced/s2 -> C (94.6s)
[queue 203/1800] ok ('llama3.2:3b', 'remote_work', 'matched_balanced', 2) job=100s eta=3.7h
llama3.2:3b/remote_work/matched_balanced/s3 -> C (89.0s)
[queue 204/1800] ok ('llama3.2:3b', 'remote_work', 'matched_balanced', 3) job=94s eta=3.8h
llama3.2:3b/remote_work/matched_balanced/s4 -> C (99.7s)
[queue 205/1800] ok ('llama3.2:3b', 'remote_work', 'matched_balanced', 4) job=105s eta=4.1h
llama3.2:3b/remote_work/matched_balanced/s5 -> C (95.4s)
[queue 206/1800] ok ('llama3.2:3b', 'remote_work', 'matched_balanced', 5) job=101s eta=4.3h
llama3.2:3b/remote_work/matched_balanced/s6 -> C (96.5s)
[queue 207/1800] ok ('llama3.2:3b', 'remote_work', 'matched_balanced', 6) job=102s eta=4.4h
llama3.2:3b/remote_work/matched_balanced/s7 -> C (111.7s)
[queue 208/1800] ok ('llama3.2:3b', 'remote_work', 'matched_balanced', 7) job=118s eta=4.7h
llama3.2:3b/remote_work/matched_balanced/s8 -> C (101.7s)
[queue 209/1800] ok ('llama3.2:3b', 'remote_work', 'matched_balanced', 8) job=108s eta=4.9h
llama3.2:3b/remote_work/matched_balanced/s9 -> C (104.4s)
[queue 210/1800] ok ('llama3.2:3b', 'remote_work', 'matched_balanced', 9) job=110s eta=5.1h
llama3.2:3b/remote_work/matched_balanced/s10 -> C (111.2s)
[queue 211/1800] ok ('llama3.2:3b', 'remote_work', 'matched_balanced', 10) job=117s eta=5.3h
llama3.2:3b/remote_work/matched_balanced/s11 -> C (98.2s)
[queue 212/1800] ok ('llama3.2:3b', 'remote_work', 'matched_balanced', 11) job=105s eta=5.5h
llama3.2:3b/remote_work/matched_balanced/s12 -> C (89.9s)
[queue 213/1800] ok ('llama3.2:3b', 'remote_work', 'matched_balanced', 12) job=96s eta=5.7h
llama3.2:3b/remote_work/matched_balanced/s13 -> C (98.7s)
[queue 214/1800] ok ('llama3.2:3b', 'remote_work', 'matched_balanced', 13) job=105s eta=5.8h
llama3.2:3b/remote_work/matched_balanced/s14 -> C (105.8s)
[queue 215/1800] ok ('llama3.2:3b', 'remote_work', 'matched_balanced', 14) job=112s eta=6.0h
llama3.2:3b/remote_work/matched_balanced/s15 -> C (108.0s)
[queue 216/1800] ok ('llama3.2:3b', 'remote_work', 'matched_balanced', 15) job=114s eta=6.2h
llama3.2:3b/remote_work/matched_balanced/s16 -> C (113.5s)
[queue 217/1800] ok ('llama3.2:3b', 'remote_work', 'matched_balanced', 16) job=120s eta=6.5h
llama3.2:3b/remote_work/matched_balanced/s17 -> C (111.3s)
[queue 218/1800] ok ('llama3.2:3b', 'remote_work', 'matched_balanced', 17) job=118s eta=6.7h
llama3.2:3b/remote_work/matched_balanced/s18 -> C (101.5s)
[queue 219/1800] ok ('llama3.2:3b', 'remote_work', 'matched_balanced', 18) job=108s eta=6.8h
llama3.2:3b/remote_work/matched_balanced/s19 -> C (105.1s)
[queue 220/1800] ok ('llama3.2:3b', 'remote_work', 'matched_balanced', 19) job=112s eta=7.0h
llama3.2:3b/remote_work/matched_balanced/s20 -> C (104.3s)
[queue 221/1800] ok ('llama3.2:3b', 'remote_work', 'matched_balanced', 20) job=111s eta=7.2h
llama3.2:3b/remote_work/matched_balanced/s21 -> C (94.4s)
[queue 222/1800] ok ('llama3.2:3b', 'remote_work', 'matched_balanced', 21) job=101s eta=7.4h
llama3.2:3b/remote_work/matched_balanced/s22 -> C (107.8s)
[queue 223/1800] ok ('llama3.2:3b', 'remote_work', 'matched_balanced', 22) job=114s eta=7.6h
llama3.2:3b/remote_work/matched_balanced/s23 -> C (109.3s)
[queue 224/1800] ok ('llama3.2:3b', 'remote_work', 'matched_balanced', 23) job=116s eta=7.8h
llama3.2:3b/remote_work/matched_balanced/s24 -> C (101.6s)
[queue 225/1800] ok ('llama3.2:3b', 'remote_work', 'matched_balanced', 24) job=109s eta=7.9h
llama3.2:3b/remote_work/matched_balanced/s25 -> C (117.8s)
[queue 226/1800] ok ('llama3.2:3b', 'remote_work', 'matched_balanced', 25) job=124s eta=8.1h
llama3.2:3b/remote_work/matched_balanced/s26 -> C (113.7s)
[queue 227/1800] ok ('llama3.2:3b', 'remote_work', 'matched_balanced', 26) job=120s eta=8.3h
llama3.2:3b/remote_work/matched_balanced/s27 -> C (109.9s)
[queue 228/1800] ok ('llama3.2:3b', 'remote_work', 'matched_balanced', 27) job=117s eta=8.5h
llama3.2:3b/remote_work/matched_balanced/s28 -> C (94.7s)
[queue 229/1800] ok ('llama3.2:3b', 'remote_work', 'matched_balanced', 28) job=101s eta=8.6h
llama3.2:3b/remote_work/matched_balanced/s29 -> C (100.9s)
[queue 230/1800] ok ('llama3.2:3b', 'remote_work', 'matched_balanced', 29) job=108s eta=8.8h
llama3.2:3b/remote_work/matched_balanced/s30 -> C (89.5s)
[queue 231/1800] ok ('llama3.2:3b', 'remote_work', 'matched_balanced', 30) job=96s eta=8.9h
llama3.2:3b/remote_work/matched_balanced/s31 -> C (108.5s)
[queue 232/1800] ok ('llama3.2:3b', 'remote_work', 'matched_balanced', 31) job=115s eta=9.1h
llama3.2:3b/remote_work/matched_balanced/s32 -> C (104.6s)
[queue 233/1800] ok ('llama3.2:3b', 'remote_work', 'matched_balanced', 32) job=111s eta=9.3h
llama3.2:3b/remote_work/matched_balanced/s33 -> C (83.2s)
[queue 234/1800] ok ('llama3.2:3b', 'remote_work', 'matched_balanced', 33) job=90s eta=9.4h
llama3.2:3b/remote_work/matched_balanced/s34 -> C (91.8s)
[queue 235/1800] ok ('llama3.2:3b', 'remote_work', 'matched_balanced', 34) job=98s eta=9.5h
llama3.2:3b/remote_work/matched_balanced/s35 -> C (102.5s)
[queue 236/1800] ok ('llama3.2:3b', 'remote_work', 'matched_balanced', 35) job=109s eta=9.7h
llama3.2:3b/remote_work/matched_balanced/s36 -> C (100.3s)
[queue 237/1800] ok ('llama3.2:3b', 'remote_work', 'matched_balanced', 36) job=107s eta=9.8h
llama3.2:3b/remote_work/matched_balanced/s37 -> C (105.3s)
[queue 238/1800] ok ('llama3.2:3b', 'remote_work', 'matched_balanced', 37) job=112s eta=10.0h
llama3.2:3b/remote_work/matched_balanced/s38 -> C (94.7s)
[queue 239/1800] ok ('llama3.2:3b', 'remote_work', 'matched_balanced', 38) job=101s eta=10.1h
llama3.2:3b/remote_work/matched_balanced/s39 -> C (106.1s)
[queue 240/1800] ok ('llama3.2:3b', 'remote_work', 'matched_balanced', 39) job=113s eta=10.3h
llama3.2:3b/remote_work/matched_balanced/s40 -> C (98.8s)
[queue 241/1800] ok ('llama3.2:3b', 'remote_work', 'matched_balanced', 40) job=105s eta=10.4h
llama3.2:3b/remote_work/matched_balanced/s41 -> C (84.1s)
[queue 242/1800] ok ('llama3.2:3b', 'remote_work', 'matched_balanced', 41) job=91s eta=10.5h
llama3.2:3b/remote_work/matched_balanced/s42 -> C (122.0s)
[queue 243/1800] ok ('llama3.2:3b', 'remote_work', 'matched_balanced', 42) job=129s eta=10.7h
llama3.2:3b/remote_work/matched_balanced/s43 -> C (114.1s)
[queue 244/1800] ok ('llama3.2:3b', 'remote_work', 'matched_balanced', 43) job=121s eta=10.9h
llama3.2:3b/remote_work/matched_balanced/s44 -> C (101.8s)
[queue 245/1800] ok ('llama3.2:3b', 'remote_work', 'matched_balanced', 44) job=109s eta=11.0h
llama3.2:3b/remote_work/matched_balanced/s45 -> C (120.2s)
[queue 246/1800] ok ('llama3.2:3b', 'remote_work', 'matched_balanced', 45) job=127s eta=11.2h
llama3.2:3b/remote_work/matched_balanced/s46 -> C (100.4s)
[queue 247/1800] ok ('llama3.2:3b', 'remote_work', 'matched_balanced', 46) job=107s eta=11.3h
llama3.2:3b/remote_work/matched_balanced/s47 -> C (115.4s)
[queue 248/1800] ok ('llama3.2:3b', 'remote_work', 'matched_balanced', 47) job=123s eta=11.5h
llama3.2:3b/remote_work/matched_balanced/s48 -> C (123.0s)
[queue 249/1800] ok ('llama3.2:3b', 'remote_work', 'matched_balanced', 48) job=130s eta=11.7h
llama3.2:3b/remote_work/matched_balanced/s49 -> C (93.5s)
[queue 250/1800] ok ('llama3.2:3b', 'remote_work', 'matched_balanced', 49) job=100s eta=11.8h
llama3.2:3b/remote_work/matched_rto/s0 -> B (94.0s)
[queue 251/1800] ok ('llama3.2:3b', 'remote_work', 'matched_rto', 0) job=101s eta=11.9h
llama3.2:3b/remote_work/matched_rto/s1 -> B (118.1s)
[queue 252/1800] ok ('llama3.2:3b', 'remote_work', 'matched_rto', 1) job=125s eta=12.1h
llama3.2:3b/remote_work/matched_rto/s2 -> B (110.4s)
[queue 253/1800] ok ('llama3.2:3b', 'remote_work', 'matched_rto', 2) job=117s eta=12.2h
llama3.2:3b/remote_work/matched_rto/s3 -> B (109.0s)
[queue 254/1800] ok ('llama3.2:3b', 'remote_work', 'matched_rto', 3) job=116s eta=12.3h
llama3.2:3b/remote_work/matched_rto/s4 -> B (113.0s)
[queue 255/1800] ok ('llama3.2:3b', 'remote_work', 'matched_rto', 4) job=120s eta=12.5h
llama3.2:3b/remote_work/matched_rto/s5 -> C (106.0s)
[queue 256/1800] ok ('llama3.2:3b', 'remote_work', 'matched_rto', 5) job=113s eta=12.6h
llama3.2:3b/remote_work/matched_rto/s6 -> C (109.4s)
[queue 257/1800] ok ('llama3.2:3b', 'remote_work', 'matched_rto', 6) job=116s eta=12.8h
llama3.2:3b/remote_work/matched_rto/s7 -> C (101.9s)
[queue 258/1800] ok ('llama3.2:3b', 'remote_work', 'matched_rto', 7) job=109s eta=12.9h
llama3.2:3b/remote_work/matched_rto/s8 -> C (84.7s)
[queue 259/1800] ok ('llama3.2:3b', 'remote_work', 'matched_rto', 8) job=91s eta=13.0h
llama3.2:3b/remote_work/matched_rto/s9 -> B (118.2s)
[queue 260/1800] ok ('llama3.2:3b', 'remote_work', 'matched_rto', 9) job=125s eta=13.1h
llama3.2:3b/remote_work/matched_rto/s10 -> B (116.7s)
[queue 261/1800] ok ('llama3.2:3b', 'remote_work', 'matched_rto', 10) job=124s eta=13.3h
llama3.2:3b/remote_work/matched_rto/s11 -> B (103.6s)
[queue 262/1800] ok ('llama3.2:3b', 'remote_work', 'matched_rto', 11) job=113s eta=13.4h
llama3.2:3b/remote_work/matched_rto/s12 -> B (121.8s)
[queue 263/1800] ok ('llama3.2:3b', 'remote_work', 'matched_rto', 12) job=129s eta=13.5h
llama3.2:3b/remote_work/matched_rto/s13 -> C (108.3s)
[queue 264/1800] ok ('llama3.2:3b', 'remote_work', 'matched_rto', 13) job=115s eta=13.7h
llama3.2:3b/remote_work/matched_rto/s14 -> B (112.0s)
[queue 265/1800] ok ('llama3.2:3b', 'remote_work', 'matched_rto', 14) job=119s eta=13.8h
llama3.2:3b/remote_work/matched_rto/s15 -> B (113.9s)
[queue 266/1800] ok ('llama3.2:3b', 'remote_work', 'matched_rto', 15) job=121s eta=13.9h
llama3.2:3b/remote_work/matched_rto/s16 -> C (113.8s)
[queue 267/1800] ok ('llama3.2:3b', 'remote_work', 'matched_rto', 16) job=121s eta=14.1h
llama3.2:3b/remote_work/matched_rto/s17 -> B (106.5s)
[queue 268/1800] ok ('llama3.2:3b', 'remote_work', 'matched_rto', 17) job=113s eta=14.2h
llama3.2:3b/remote_work/matched_rto/s18 -> B (97.2s)
[queue 269/1800] ok ('llama3.2:3b', 'remote_work', 'matched_rto', 18) job=104s eta=14.3h
llama3.2:3b/remote_work/matched_rto/s19 -> C (125.5s)
[queue 270/1800] ok ('llama3.2:3b', 'remote_work', 'matched_rto', 19) job=133s eta=14.4h
llama3.2:3b/remote_work/matched_rto/s20 -> C (120.1s)
[queue 271/1800] ok ('llama3.2:3b', 'remote_work', 'matched_rto', 20) job=127s eta=14.6h
llama3.2:3b/remote_work/matched_rto/s21 -> B (118.8s)
[queue 272/1800] ok ('llama3.2:3b', 'remote_work', 'matched_rto', 21) job=126s eta=14.7h
llama3.2:3b/remote_work/matched_rto/s22 -> B (119.6s)
[queue 273/1800] ok ('llama3.2:3b', 'remote_work', 'matched_rto', 22) job=126s eta=14.8h
llama3.2:3b/remote_work/matched_rto/s23 -> C (114.2s)
[queue 274/1800] ok ('llama3.2:3b', 'remote_work', 'matched_rto', 23) job=121s eta=14.9h
llama3.2:3b/remote_work/matched_rto/s24 -> B (109.0s)
[queue 275/1800] ok ('llama3.2:3b', 'remote_work', 'matched_rto', 24) job=116s eta=15.1h
llama3.2:3b/remote_work/matched_rto/s25 -> B (120.5s)
[queue 276/1800] ok ('llama3.2:3b', 'remote_work', 'matched_rto', 25) job=127s eta=15.2h
llama3.2:3b/remote_work/matched_rto/s26 -> B (110.4s)
[queue 277/1800] ok ('llama3.2:3b', 'remote_work', 'matched_rto', 26) job=117s eta=15.3h
llama3.2:3b/remote_work/matched_rto/s27 -> B (95.2s)
[queue 278/1800] ok ('llama3.2:3b', 'remote_work', 'matched_rto', 27) job=102s eta=15.4h
llama3.2:3b/remote_work/matched_rto/s28 -> B (105.1s)
[queue 279/1800] ok ('llama3.2:3b', 'remote_work', 'matched_rto', 28) job=112s eta=15.5h
llama3.2:3b/remote_work/matched_rto/s29 -> B (113.5s)
[queue 280/1800] ok ('llama3.2:3b', 'remote_work', 'matched_rto', 29) job=120s eta=15.6h
llama3.2:3b/remote_work/matched_rto/s30 -> B (106.3s)
[queue 281/1800] ok ('llama3.2:3b', 'remote_work', 'matched_rto', 30) job=113s eta=15.7h
llama3.2:3b/remote_work/matched_rto/s31 -> C (97.2s)
[queue 282/1800] ok ('llama3.2:3b', 'remote_work', 'matched_rto', 31) job=104s eta=15.8h
llama3.2:3b/remote_work/matched_rto/s32 -> B (106.8s)
[queue 283/1800] ok ('llama3.2:3b', 'remote_work', 'matched_rto', 32) job=114s eta=15.9h
llama3.2:3b/remote_work/matched_rto/s33 -> B (114.6s)
[queue 284/1800] ok ('llama3.2:3b', 'remote_work', 'matched_rto', 33) job=121s eta=16.0h
llama3.2:3b/remote_work/matched_rto/s34 -> C (121.1s)
[queue 285/1800] ok ('llama3.2:3b', 'remote_work', 'matched_rto', 34) job=128s eta=16.1h
llama3.2:3b/remote_work/matched_rto/s35 -> B (115.5s)
[queue 286/1800] ok ('llama3.2:3b', 'remote_work', 'matched_rto', 35) job=122s eta=16.3h
llama3.2:3b/remote_work/matched_rto/s36 -> B (94.6s)
[queue 287/1800] ok ('llama3.2:3b', 'remote_work', 'matched_rto', 36) job=101s eta=16.3h
llama3.2:3b/remote_work/matched_rto/s37 -> B (112.6s)
[queue 288/1800] ok ('llama3.2:3b', 'remote_work', 'matched_rto', 37) job=120s eta=16.4h
llama3.2:3b/remote_work/matched_rto/s38 -> B (101.8s)
[queue 289/1800] ok ('llama3.2:3b', 'remote_work', 'matched_rto', 38) job=109s eta=16.5h
llama3.2:3b/remote_work/matched_rto/s39 -> C (108.7s)
[queue 290/1800] ok ('llama3.2:3b', 'remote_work', 'matched_rto', 39) job=115s eta=16.6h
llama3.2:3b/remote_work/matched_rto/s40 -> C (105.8s)
[queue 291/1800] ok ('llama3.2:3b', 'remote_work', 'matched_rto', 40) job=113s eta=16.7h
llama3.2:3b/remote_work/matched_rto/s41 -> B (105.4s)
[queue 292/1800] ok ('llama3.2:3b', 'remote_work', 'matched_rto', 41) job=112s eta=16.8h
llama3.2:3b/remote_work/matched_rto/s42 -> B (85.7s)
[queue 293/1800] ok ('llama3.2:3b', 'remote_work', 'matched_rto', 42) job=93s eta=16.9h
llama3.2:3b/remote_work/matched_rto/s43 -> B (117.3s)
[queue 294/1800] ok ('llama3.2:3b', 'remote_work', 'matched_rto', 43) job=124s eta=17.0h
llama3.2:3b/remote_work/matched_rto/s44 -> C (83.3s)
[queue 295/1800] ok ('llama3.2:3b', 'remote_work', 'matched_rto', 44) job=90s eta=17.1h
llama3.2:3b/remote_work/matched_rto/s45 -> C (116.2s)
[queue 296/1800] ok ('llama3.2:3b', 'remote_work', 'matched_rto', 45) job=123s eta=17.2h
llama3.2:3b/remote_work/matched_rto/s46 -> B (109.9s)
[queue 297/1800] ok ('llama3.2:3b', 'remote_work', 'matched_rto', 46) job=117s eta=17.3h
llama3.2:3b/remote_work/matched_rto/s47 -> C (118.9s)
[queue 298/1800] ok ('llama3.2:3b', 'remote_work', 'matched_rto', 47) job=126s eta=17.4h
llama3.2:3b/remote_work/matched_rto/s48 -> B (115.4s)
[queue 299/1800] ok ('llama3.2:3b', 'remote_work', 'matched_rto', 48) job=122s eta=17.5h
llama3.2:3b/remote_work/matched_rto/s49 -> B (97.7s)
[queue 300/1800] ok ('llama3.2:3b', 'remote_work', 'matched_rto', 49) job=105s eta=17.5h
llama3.2:3b/remote_work/matched_remote/s0 -> C (102.5s)
[queue 301/1800] ok ('llama3.2:3b', 'remote_work', 'matched_remote', 0) job=110s eta=17.6h
llama3.2:3b/remote_work/matched_remote/s1 -> C (114.4s)
[queue 302/1800] ok ('llama3.2:3b', 'remote_work', 'matched_remote', 1) job=121s eta=17.7h
llama3.2:3b/remote_work/matched_remote/s2 -> C (106.6s)
[queue 303/1800] ok ('llama3.2:3b', 'remote_work', 'matched_remote', 2) job=113s eta=17.8h
llama3.2:3b/remote_work/matched_remote/s3 -> C (114.2s)
[queue 304/1800] ok ('llama3.2:3b', 'remote_work', 'matched_remote', 3) job=121s eta=17.9h
llama3.2:3b/remote_work/matched_remote/s4 -> C (112.5s)
[queue 305/1800] ok ('llama3.2:3b', 'remote_work', 'matched_remote', 4) job=119s eta=18.0h
llama3.2:3b/remote_work/matched_remote/s5 -> C (104.3s)
[queue 306/1800] ok ('llama3.2:3b', 'remote_work', 'matched_remote', 5) job=111s eta=18.1h
llama3.2:3b/remote_work/matched_remote/s6 -> C (121.9s)
[queue 307/1800] ok ('llama3.2:3b', 'remote_work', 'matched_remote', 6) job=129s eta=18.2h
llama3.2:3b/remote_work/matched_remote/s7 -> C (104.9s)
[queue 308/1800] ok ('llama3.2:3b', 'remote_work', 'matched_remote', 7) job=112s eta=18.2h
llama3.2:3b/remote_work/matched_remote/s8 -> C (98.9s)
[queue 309/1800] ok ('llama3.2:3b', 'remote_work', 'matched_remote', 8) job=106s eta=18.3h
llama3.2:3b/remote_work/matched_remote/s9 -> C (105.3s)
[queue 310/1800] ok ('llama3.2:3b', 'remote_work', 'matched_remote', 9) job=112s eta=18.4h
llama3.2:3b/remote_work/matched_remote/s10 -> C (102.1s)
[queue 311/1800] ok ('llama3.2:3b', 'remote_work', 'matched_remote', 10) job=109s eta=18.5h
llama3.2:3b/remote_work/matched_remote/s11 -> C (94.5s)
[queue 312/1800] ok ('llama3.2:3b', 'remote_work', 'matched_remote', 11) job=101s eta=18.5h
llama3.2:3b/remote_work/matched_remote/s12 -> C (113.5s)
[queue 313/1800] ok ('llama3.2:3b', 'remote_work', 'matched_remote', 12) job=120s eta=18.6h
llama3.2:3b/remote_work/matched_remote/s13 -> C (95.1s)
[queue 314/1800] ok ('llama3.2:3b', 'remote_work', 'matched_remote', 13) job=102s eta=18.7h
llama3.2:3b/remote_work/matched_remote/s14 -> C (104.2s)
[queue 315/1800] ok ('llama3.2:3b', 'remote_work', 'matched_remote', 14) job=111s eta=18.8h
llama3.2:3b/remote_work/matched_remote/s15 -> C (91.8s)
[queue 316/1800] ok ('llama3.2:3b', 'remote_work', 'matched_remote', 15) job=98s eta=18.8h
llama3.2:3b/remote_work/matched_remote/s16 -> C (98.4s)
[queue 317/1800] ok ('llama3.2:3b', 'remote_work', 'matched_remote', 16) job=106s eta=18.9h
llama3.2:3b/remote_work/matched_remote/s17 -> C (115.9s)
[queue 318/1800] ok ('llama3.2:3b', 'remote_work', 'matched_remote', 17) job=123s eta=19.0h
llama3.2:3b/remote_work/matched_remote/s18 -> C (120.8s)
[queue 319/1800] ok ('llama3.2:3b', 'remote_work', 'matched_remote', 18) job=128s eta=19.1h
llama3.2:3b/remote_work/matched_remote/s19 -> C (106.7s)
[queue 320/1800] ok ('llama3.2:3b', 'remote_work', 'matched_remote', 19) job=114s eta=19.1h
llama3.2:3b/remote_work/matched_remote/s20 -> C (102.6s)
[queue 321/1800] ok ('llama3.2:3b', 'remote_work', 'matched_remote', 20) job=109s eta=19.2h
llama3.2:3b/remote_work/matched_remote/s21 -> C (102.2s)
[queue 322/1800] ok ('llama3.2:3b', 'remote_work', 'matched_remote', 21) job=109s eta=19.3h
llama3.2:3b/remote_work/matched_remote/s22 -> C (91.9s)
[queue 323/1800] ok ('llama3.2:3b', 'remote_work', 'matched_remote', 22) job=99s eta=19.3h
llama3.2:3b/remote_work/matched_remote/s23 -> C (72.1s)
[queue 324/1800] ok ('llama3.2:3b', 'remote_work', 'matched_remote', 23) job=79s eta=19.3h
llama3.2:3b/remote_work/matched_remote/s24 -> C (111.9s)
[queue 325/1800] ok ('llama3.2:3b', 'remote_work', 'matched_remote', 24) job=119s eta=19.4h
llama3.2:3b/remote_work/matched_remote/s25 -> C (102.0s)
[queue 326/1800] ok ('llama3.2:3b', 'remote_work', 'matched_remote', 25) job=109s eta=19.5h
llama3.2:3b/remote_work/matched_remote/s26 -> C (109.5s)
[queue 327/1800] ok ('llama3.2:3b', 'remote_work', 'matched_remote', 26) job=116s eta=19.6h
llama3.2:3b/remote_work/matched_remote/s27 -> C (107.1s)
[queue 328/1800] ok ('llama3.2:3b', 'remote_work', 'matched_remote', 27) job=114s eta=19.6h
llama3.2:3b/remote_work/matched_remote/s28 -> C (105.5s)
[queue 329/1800] ok ('llama3.2:3b', 'remote_work', 'matched_remote', 28) job=112s eta=19.7h
llama3.2:3b/remote_work/matched_remote/s29 -> C (93.2s)
[queue 330/1800] ok ('llama3.2:3b', 'remote_work', 'matched_remote', 29) job=100s eta=19.7h
llama3.2:3b/remote_work/matched_remote/s30 -> C (97.7s)
[queue 331/1800] ok ('llama3.2:3b', 'remote_work', 'matched_remote', 30) job=105s eta=19.8h
llama3.2:3b/remote_work/matched_remote/s31 -> C (95.4s)
[queue 332/1800] ok ('llama3.2:3b', 'remote_work', 'matched_remote', 31) job=102s eta=19.9h
llama3.2:3b/remote_work/matched_remote/s32 -> C (93.8s)
[queue 333/1800] ok ('llama3.2:3b', 'remote_work', 'matched_remote', 32) job=100s eta=19.9h
llama3.2:3b/remote_work/matched_remote/s33 -> C (101.3s)
[queue 334/1800] ok ('llama3.2:3b', 'remote_work', 'matched_remote', 33) job=108s eta=20.0h
llama3.2:3b/remote_work/matched_remote/s34 -> C (98.5s)
[queue 335/1800] ok ('llama3.2:3b', 'remote_work', 'matched_remote', 34) job=105s eta=20.0h
llama3.2:3b/remote_work/matched_remote/s35 -> C (99.9s)
[queue 336/1800] ok ('llama3.2:3b', 'remote_work', 'matched_remote', 35) job=107s eta=20.1h
llama3.2:3b/remote_work/matched_remote/s36 -> C (107.1s)
[queue 337/1800] ok ('llama3.2:3b', 'remote_work', 'matched_remote', 36) job=114s eta=20.1h
llama3.2:3b/remote_work/matched_remote/s37 -> C (94.7s)
[queue 338/1800] ok ('llama3.2:3b', 'remote_work', 'matched_remote', 37) job=102s eta=20.2h
llama3.2:3b/remote_work/matched_remote/s38 -> C (111.1s)
[queue 339/1800] ok ('llama3.2:3b', 'remote_work', 'matched_remote', 38) job=118s eta=20.3h
llama3.2:3b/remote_work/matched_remote/s39 -> C (102.3s)
[queue 340/1800] ok ('llama3.2:3b', 'remote_work', 'matched_remote', 39) job=109s eta=20.3h
llama3.2:3b/remote_work/matched_remote/s40 -> C (102.9s)
[queue 341/1800] ok ('llama3.2:3b', 'remote_work', 'matched_remote', 40) job=109s eta=20.4h
llama3.2:3b/remote_work/matched_remote/s41 -> C (116.4s)
[queue 342/1800] ok ('llama3.2:3b', 'remote_work', 'matched_remote', 41) job=123s eta=20.4h
llama3.2:3b/remote_work/matched_remote/s42 -> C (110.5s)
[queue 343/1800] ok ('llama3.2:3b', 'remote_work', 'matched_remote', 42) job=118s eta=20.5h
llama3.2:3b/remote_work/matched_remote/s43 -> C (95.1s)
[queue 344/1800] ok ('llama3.2:3b', 'remote_work', 'matched_remote', 43) job=102s eta=20.6h
llama3.2:3b/remote_work/matched_remote/s44 -> C (93.1s)
[queue 345/1800] ok ('llama3.2:3b', 'remote_work', 'matched_remote', 44) job=100s eta=20.6h
llama3.2:3b/remote_work/matched_remote/s45 -> C (86.1s)
[queue 346/1800] ok ('llama3.2:3b', 'remote_work', 'matched_remote', 45) job=93s eta=20.6h
llama3.2:3b/remote_work/matched_remote/s46 -> C (117.6s)
[queue 347/1800] ok ('llama3.2:3b', 'remote_work', 'matched_remote', 46) job=124s eta=20.7h
llama3.2:3b/remote_work/matched_remote/s47 -> C (98.4s)
[queue 348/1800] ok ('llama3.2:3b', 'remote_work', 'matched_remote', 47) job=105s eta=20.7h
llama3.2:3b/remote_work/matched_remote/s48 -> C (104.4s)
[queue 349/1800] ok ('llama3.2:3b', 'remote_work', 'matched_remote', 48) job=111s eta=20.8h
llama3.2:3b/remote_work/matched_remote/s49 -> C (120.0s)
[queue 350/1800] ok ('llama3.2:3b', 'remote_work', 'matched_remote', 49) job=127s eta=20.9h
llama3.2:3b/remote_work/order_interleaved/s0 -> C (103.5s)
[queue 351/1800] ok ('llama3.2:3b', 'remote_work', 'order_interleaved', 0) job=110s eta=20.9h
llama3.2:3b/remote_work/order_interleaved/s1 -> C (90.0s)
[queue 352/1800] ok ('llama3.2:3b', 'remote_work', 'order_interleaved', 1) job=97s eta=21.0h
llama3.2:3b/remote_work/order_interleaved/s2 -> C (107.0s)
[queue 353/1800] ok ('llama3.2:3b', 'remote_work', 'order_interleaved', 2) job=114s eta=21.0h
llama3.2:3b/remote_work/order_interleaved/s3 -> C (97.6s)
[queue 354/1800] ok ('llama3.2:3b', 'remote_work', 'order_interleaved', 3) job=104s eta=21.1h
llama3.2:3b/remote_work/order_interleaved/s4 -> C (107.7s)
[queue 355/1800] ok ('llama3.2:3b', 'remote_work', 'order_interleaved', 4) job=115s eta=21.1h
llama3.2:3b/remote_work/order_interleaved/s5 -> C (104.1s)
[queue 356/1800] ok ('llama3.2:3b', 'remote_work', 'order_interleaved', 5) job=111s eta=21.2h
llama3.2:3b/remote_work/order_interleaved/s6 -> C (100.7s)
[queue 357/1800] ok ('llama3.2:3b', 'remote_work', 'order_interleaved', 6) job=107s eta=21.2h
llama3.2:3b/remote_work/order_interleaved/s7 -> C (119.0s)
[queue 358/1800] ok ('llama3.2:3b', 'remote_work', 'order_interleaved', 7) job=126s eta=21.3h
llama3.2:3b/remote_work/order_interleaved/s8 -> C (108.8s)
[queue 359/1800] ok ('llama3.2:3b', 'remote_work', 'order_interleaved', 8) job=116s eta=21.3h
llama3.2:3b/remote_work/order_interleaved/s9 -> C (108.6s)
[queue 360/1800] ok ('llama3.2:3b', 'remote_work', 'order_interleaved', 9) job=115s eta=21.4h
llama3.2:3b/remote_work/order_interleaved/s10 -> C (123.7s)
[queue 361/1800] ok ('llama3.2:3b', 'remote_work', 'order_interleaved', 10) job=130s eta=21.5h
llama3.2:3b/remote_work/order_interleaved/s11 -> C (102.5s)
[queue 362/1800] ok ('llama3.2:3b', 'remote_work', 'order_interleaved', 11) job=109s eta=21.5h
llama3.2:3b/remote_work/order_interleaved/s12 -> C (91.4s)
[queue 363/1800] ok ('llama3.2:3b', 'remote_work', 'order_interleaved', 12) job=98s eta=21.5h
llama3.2:3b/remote_work/order_interleaved/s13 -> C (101.3s)
[queue 364/1800] ok ('llama3.2:3b', 'remote_work', 'order_interleaved', 13) job=108s eta=21.6h
llama3.2:3b/remote_work/order_interleaved/s14 -> C (110.7s)
[queue 365/1800] ok ('llama3.2:3b', 'remote_work', 'order_interleaved', 14) job=118s eta=21.6h
llama3.2:3b/remote_work/order_interleaved/s15 -> C (112.1s)
[queue 366/1800] ok ('llama3.2:3b', 'remote_work', 'order_interleaved', 15) job=119s eta=21.7h
llama3.2:3b/remote_work/order_interleaved/s16 -> C (116.6s)
[queue 367/1800] ok ('llama3.2:3b', 'remote_work', 'order_interleaved', 16) job=123s eta=21.8h
llama3.2:3b/remote_work/order_interleaved/s17 -> C (112.7s)
[queue 368/1800] ok ('llama3.2:3b', 'remote_work', 'order_interleaved', 17) job=119s eta=21.8h
llama3.2:3b/remote_work/order_interleaved/s18 -> C (102.7s)
[queue 369/1800] ok ('llama3.2:3b', 'remote_work', 'order_interleaved', 18) job=109s eta=21.9h
llama3.2:3b/remote_work/order_interleaved/s19 -> C (104.3s)
[queue 370/1800] ok ('llama3.2:3b', 'remote_work', 'order_interleaved', 19) job=111s eta=21.9h
llama3.2:3b/remote_work/order_interleaved/s20 -> C (104.0s)
[queue 371/1800] ok ('llama3.2:3b', 'remote_work', 'order_interleaved', 20) job=111s eta=21.9h
llama3.2:3b/remote_work/order_interleaved/s21 -> C (92.9s)
[queue 372/1800] ok ('llama3.2:3b', 'remote_work', 'order_interleaved', 21) job=99s eta=22.0h
llama3.2:3b/remote_work/order_interleaved/s22 -> C (108.4s)
[queue 373/1800] ok ('llama3.2:3b', 'remote_work', 'order_interleaved', 22) job=115s eta=22.0h
llama3.2:3b/remote_work/order_interleaved/s23 -> C (112.4s)
[queue 374/1800] ok ('llama3.2:3b', 'remote_work', 'order_interleaved', 23) job=119s eta=22.1h
llama3.2:3b/remote_work/order_interleaved/s24 -> C (102.5s)
[queue 375/1800] ok ('llama3.2:3b', 'remote_work', 'order_interleaved', 24) job=109s eta=22.1h
llama3.2:3b/remote_work/order_interleaved/s25 -> C (115.5s)
[queue 376/1800] ok ('llama3.2:3b', 'remote_work', 'order_interleaved', 25) job=122s eta=22.2h
llama3.2:3b/remote_work/order_interleaved/s26 -> C (113.7s)
[queue 377/1800] ok ('llama3.2:3b', 'remote_work', 'order_interleaved', 26) job=121s eta=22.2h
llama3.2:3b/remote_work/order_interleaved/s27 -> C (109.0s)
[queue 378/1800] ok ('llama3.2:3b', 'remote_work', 'order_interleaved', 27) job=116s eta=22.3h
llama3.2:3b/remote_work/order_interleaved/s28 -> C (94.9s)
[queue 379/1800] ok ('llama3.2:3b', 'remote_work', 'order_interleaved', 28) job=102s eta=22.3h
llama3.2:3b/remote_work/order_interleaved/s29 -> C (96.8s)
[queue 380/1800] ok ('llama3.2:3b', 'remote_work', 'order_interleaved', 29) job=103s eta=22.3h
llama3.2:3b/remote_work/order_interleaved/s30 -> C (87.6s)
[queue 381/1800] ok ('llama3.2:3b', 'remote_work', 'order_interleaved', 30) job=94s eta=22.4h
llama3.2:3b/remote_work/order_interleaved/s31 -> C (108.2s)
[queue 382/1800] ok ('llama3.2:3b', 'remote_work', 'order_interleaved', 31) job=115s eta=22.4h
llama3.2:3b/remote_work/order_interleaved/s32 -> C (102.0s)
[queue 383/1800] ok ('llama3.2:3b', 'remote_work', 'order_interleaved', 32) job=108s eta=22.4h
llama3.2:3b/remote_work/order_interleaved/s33 -> C (83.0s)
[queue 384/1800] ok ('llama3.2:3b', 'remote_work', 'order_interleaved', 33) job=89s eta=22.5h
llama3.2:3b/remote_work/order_interleaved/s34 -> C (89.6s)
[queue 385/1800] ok ('llama3.2:3b', 'remote_work', 'order_interleaved', 34) job=96s eta=22.5h
llama3.2:3b/remote_work/order_interleaved/s35 -> C (99.9s)
[queue 386/1800] ok ('llama3.2:3b', 'remote_work', 'order_interleaved', 35) job=107s eta=22.5h
llama3.2:3b/remote_work/order_interleaved/s36 -> C (97.2s)
[queue 387/1800] ok ('llama3.2:3b', 'remote_work', 'order_interleaved', 36) job=104s eta=22.5h
llama3.2:3b/remote_work/order_interleaved/s37 -> C (99.6s)
[queue 388/1800] ok ('llama3.2:3b', 'remote_work', 'order_interleaved', 37) job=106s eta=22.6h
llama3.2:3b/remote_work/order_interleaved/s38 -> C (92.1s)
[queue 389/1800] ok ('llama3.2:3b', 'remote_work', 'order_interleaved', 38) job=99s eta=22.6h
llama3.2:3b/remote_work/order_interleaved/s39 -> C (104.7s)
[queue 390/1800] ok ('llama3.2:3b', 'remote_work', 'order_interleaved', 39) job=111s eta=22.6h
llama3.2:3b/remote_work/order_interleaved/s40 -> C (99.1s)
[queue 391/1800] ok ('llama3.2:3b', 'remote_work', 'order_interleaved', 40) job=106s eta=22.7h
llama3.2:3b/remote_work/order_interleaved/s41 -> C (81.0s)
[queue 392/1800] ok ('llama3.2:3b', 'remote_work', 'order_interleaved', 41) job=88s eta=22.7h
llama3.2:3b/remote_work/order_interleaved/s42 -> C (117.0s)
[queue 393/1800] ok ('llama3.2:3b', 'remote_work', 'order_interleaved', 42) job=124s eta=22.7h
llama3.2:3b/remote_work/order_interleaved/s43 -> C (108.6s)
[queue 394/1800] ok ('llama3.2:3b', 'remote_work', 'order_interleaved', 43) job=115s eta=22.8h
llama3.2:3b/remote_work/order_interleaved/s44 -> C (97.6s)
[queue 395/1800] ok ('llama3.2:3b', 'remote_work', 'order_interleaved', 44) job=104s eta=22.8h
llama3.2:3b/remote_work/order_interleaved/s45 -> C (109.1s)
[queue 396/1800] ok ('llama3.2:3b', 'remote_work', 'order_interleaved', 45) job=115s eta=22.8h
llama3.2:3b/remote_work/order_interleaved/s46 -> C (95.1s)
[queue 397/1800] ok ('llama3.2:3b', 'remote_work', 'order_interleaved', 46) job=102s eta=22.9h
llama3.2:3b/remote_work/order_interleaved/s47 -> C (109.7s)
[queue 398/1800] ok ('llama3.2:3b', 'remote_work', 'order_interleaved', 47) job=116s eta=22.9h
llama3.2:3b/remote_work/order_interleaved/s48 -> C (120.4s)
[queue 399/1800] ok ('llama3.2:3b', 'remote_work', 'order_interleaved', 48) job=127s eta=23.0h
llama3.2:3b/remote_work/order_interleaved/s49 -> C (88.4s)
[queue 400/1800] ok ('llama3.2:3b', 'remote_work', 'order_interleaved', 49) job=95s eta=23.0h
llama3.2:3b/remote_work/order_rto_last/s0 -> C (100.3s)
[queue 401/1800] ok ('llama3.2:3b', 'remote_work', 'order_rto_last', 0) job=107s eta=23.0h
llama3.2:3b/remote_work/order_rto_last/s1 -> C (93.1s)
[queue 402/1800] ok ('llama3.2:3b', 'remote_work', 'order_rto_last', 1) job=99s eta=23.0h
llama3.2:3b/remote_work/order_rto_last/s2 -> C (111.4s)
[queue 403/1800] ok ('llama3.2:3b', 'remote_work', 'order_rto_last', 2) job=118s eta=23.1h
llama3.2:3b/remote_work/order_rto_last/s3 -> C (90.1s)
[queue 404/1800] ok ('llama3.2:3b', 'remote_work', 'order_rto_last', 3) job=96s eta=23.1h
llama3.2:3b/remote_work/order_rto_last/s4 -> C (109.9s)
[queue 405/1800] ok ('llama3.2:3b', 'remote_work', 'order_rto_last', 4) job=116s eta=23.1h
llama3.2:3b/remote_work/order_rto_last/s5 -> B (93.1s)
[queue 406/1800] ok ('llama3.2:3b', 'remote_work', 'order_rto_last', 5) job=100s eta=23.2h
llama3.2:3b/remote_work/order_rto_last/s6 -> C (109.2s)
[queue 407/1800] ok ('llama3.2:3b', 'remote_work', 'order_rto_last', 6) job=116s eta=23.2h
llama3.2:3b/remote_work/order_rto_last/s7 -> C (102.2s)
[queue 408/1800] ok ('llama3.2:3b', 'remote_work', 'order_rto_last', 7) job=109s eta=23.2h
llama3.2:3b/remote_work/order_rto_last/s8 -> C (100.5s)
[queue 409/1800] ok ('llama3.2:3b', 'remote_work', 'order_rto_last', 8) job=107s eta=23.2h
llama3.2:3b/remote_work/order_rto_last/s9 -> C (116.4s)
[queue 410/1800] ok ('llama3.2:3b', 'remote_work', 'order_rto_last', 9) job=123s eta=23.3h
llama3.2:3b/remote_work/order_rto_last/s10 -> C (103.8s)
[queue 411/1800] ok ('llama3.2:3b', 'remote_work', 'order_rto_last', 10) job=110s eta=23.3h
llama3.2:3b/remote_work/order_rto_last/s11 -> C (96.2s)
[queue 412/1800] ok ('llama3.2:3b', 'remote_work', 'order_rto_last', 11) job=103s eta=23.3h
llama3.2:3b/remote_work/order_rto_last/s12 -> C (117.2s)
[queue 413/1800] ok ('llama3.2:3b', 'remote_work', 'order_rto_last', 12) job=124s eta=23.4h
llama3.2:3b/remote_work/order_rto_last/s13 -> B (79.9s)
[queue 414/1800] ok ('llama3.2:3b', 'remote_work', 'order_rto_last', 13) job=86s eta=23.4h
llama3.2:3b/remote_work/order_rto_last/s14 -> C (113.2s)
[queue 415/1800] ok ('llama3.2:3b', 'remote_work', 'order_rto_last', 14) job=120s eta=23.4h
llama3.2:3b/remote_work/order_rto_last/s15 -> C (85.9s)
[queue 416/1800] ok ('llama3.2:3b', 'remote_work', 'order_rto_last', 15) job=92s eta=23.4h
llama3.2:3b/remote_work/order_rto_last/s16 -> C (112.4s)
[queue 417/1800] ok ('llama3.2:3b', 'remote_work', 'order_rto_last', 16) job=119s eta=23.5h
llama3.2:3b/remote_work/order_rto_last/s17 -> C (94.9s)
[queue 418/1800] ok ('llama3.2:3b', 'remote_work', 'order_rto_last', 17) job=101s eta=23.5h
llama3.2:3b/remote_work/order_rto_last/s18 -> C (105.9s)
[queue 419/1800] ok ('llama3.2:3b', 'remote_work', 'order_rto_last', 18) job=113s eta=23.5h
llama3.2:3b/remote_work/order_rto_last/s19 -> C (108.6s)
[queue 420/1800] ok ('llama3.2:3b', 'remote_work', 'order_rto_last', 19) job=115s eta=23.6h
llama3.2:3b/remote_work/order_rto_last/s20 -> C (113.5s)
[queue 421/1800] ok ('llama3.2:3b', 'remote_work', 'order_rto_last', 20) job=120s eta=23.6h
llama3.2:3b/remote_work/order_rto_last/s21 -> C (111.7s)
[queue 422/1800] ok ('llama3.2:3b', 'remote_work', 'order_rto_last', 21) job=118s eta=23.6h
llama3.2:3b/remote_work/order_rto_last/s22 -> C (110.3s)
[queue 423/1800] ok ('llama3.2:3b', 'remote_work', 'order_rto_last', 22) job=117s eta=23.7h
llama3.2:3b/remote_work/order_rto_last/s23 -> C (99.4s)
[queue 424/1800] ok ('llama3.2:3b', 'remote_work', 'order_rto_last', 23) job=106s eta=23.7h
llama3.2:3b/remote_work/order_rto_last/s24 -> C (95.7s)
[queue 425/1800] ok ('llama3.2:3b', 'remote_work', 'order_rto_last', 24) job=102s eta=23.7h
llama3.2:3b/remote_work/order_rto_last/s25 -> C (111.1s)
[queue 426/1800] ok ('llama3.2:3b', 'remote_work', 'order_rto_last', 25) job=118s eta=23.7h
llama3.2:3b/remote_work/order_rto_last/s26 -> C (97.5s)
[queue 427/1800] ok ('llama3.2:3b', 'remote_work', 'order_rto_last', 26) job=104s eta=23.8h
llama3.2:3b/remote_work/order_rto_last/s27 -> C (113.3s)
[queue 428/1800] ok ('llama3.2:3b', 'remote_work', 'order_rto_last', 27) job=120s eta=23.8h
llama3.2:3b/remote_work/order_rto_last/s28 -> C (93.3s)
[queue 429/1800] ok ('llama3.2:3b', 'remote_work', 'order_rto_last', 28) job=100s eta=23.8h
llama3.2:3b/remote_work/order_rto_last/s29 -> C (93.3s)
[queue 430/1800] ok ('llama3.2:3b', 'remote_work', 'order_rto_last', 29) job=100s eta=23.8h
llama3.2:3b/remote_work/order_rto_last/s30 -> C (104.9s)
[queue 431/1800] ok ('llama3.2:3b', 'remote_work', 'order_rto_last', 30) job=111s eta=23.8h
llama3.2:3b/remote_work/order_rto_last/s31 -> C (113.9s)
[queue 432/1800] ok ('llama3.2:3b', 'remote_work', 'order_rto_last', 31) job=121s eta=23.9h
llama3.2:3b/remote_work/order_rto_last/s32 -> C (105.8s)
[queue 433/1800] ok ('llama3.2:3b', 'remote_work', 'order_rto_last', 32) job=112s eta=23.9h
llama3.2:3b/remote_work/order_rto_last/s33 -> B (104.9s)
[queue 434/1800] ok ('llama3.2:3b', 'remote_work', 'order_rto_last', 33) job=111s eta=23.9h
llama3.2:3b/remote_work/order_rto_last/s34 -> C (105.8s)
[queue 435/1800] ok ('llama3.2:3b', 'remote_work', 'order_rto_last', 34) job=112s eta=24.0h
llama3.2:3b/remote_work/order_rto_last/s35 -> C (101.4s)
[queue 436/1800] ok ('llama3.2:3b', 'remote_work', 'order_rto_last', 35) job=108s eta=24.0h
llama3.2:3b/remote_work/order_rto_last/s36 -> C (90.6s)
[queue 437/1800] ok ('llama3.2:3b', 'remote_work', 'order_rto_last', 36) job=97s eta=24.0h
llama3.2:3b/remote_work/order_rto_last/s37 -> C (105.2s)
[queue 438/1800] ok ('llama3.2:3b', 'remote_work', 'order_rto_last', 37) job=112s eta=24.0h
llama3.2:3b/remote_work/order_rto_last/s38 -> C (114.1s)
[queue 439/1800] ok ('llama3.2:3b', 'remote_work', 'order_rto_last', 38) job=121s eta=24.0h
llama3.2:3b/remote_work/order_rto_last/s39 -> C (113.5s)
[queue 440/1800] ok ('llama3.2:3b', 'remote_work', 'order_rto_last', 39) job=120s eta=24.1h
llama3.2:3b/remote_work/order_rto_last/s40 -> C (110.1s)
[queue 441/1800] ok ('llama3.2:3b', 'remote_work', 'order_rto_last', 40) job=116s eta=24.1h
llama3.2:3b/remote_work/order_rto_last/s41 -> C (97.5s)
[queue 442/1800] ok ('llama3.2:3b', 'remote_work', 'order_rto_last', 41) job=104s eta=24.1h
llama3.2:3b/remote_work/order_rto_last/s42 -> C (101.9s)
[queue 443/1800] ok ('llama3.2:3b', 'remote_work', 'order_rto_last', 42) job=108s eta=24.1h
llama3.2:3b/remote_work/order_rto_last/s43 -> C (98.0s)
[queue 444/1800] ok ('llama3.2:3b', 'remote_work', 'order_rto_last', 43) job=105s eta=24.2h
llama3.2:3b/remote_work/order_rto_last/s44 -> C (82.6s)
[queue 445/1800] ok ('llama3.2:3b', 'remote_work', 'order_rto_last', 44) job=89s eta=24.2h
llama3.2:3b/remote_work/order_rto_last/s45 -> C (102.1s)
[queue 446/1800] ok ('llama3.2:3b', 'remote_work', 'order_rto_last', 45) job=109s eta=24.2h
llama3.2:3b/remote_work/order_rto_last/s46 -> C (101.2s)
[queue 447/1800] ok ('llama3.2:3b', 'remote_work', 'order_rto_last', 46) job=108s eta=24.2h
llama3.2:3b/remote_work/order_rto_last/s47 -> C (103.6s)
[queue 448/1800] ok ('llama3.2:3b', 'remote_work', 'order_rto_last', 47) job=110s eta=24.2h
llama3.2:3b/remote_work/order_rto_last/s48 -> C (99.2s)
[queue 449/1800] ok ('llama3.2:3b', 'remote_work', 'order_rto_last', 48) job=105s eta=24.2h
llama3.2:3b/remote_work/order_rto_last/s49 -> C (106.9s)
[queue 450/1800] ok ('llama3.2:3b', 'remote_work', 'order_rto_last', 49) job=114s eta=24.3h
llama3.2:3b/remote_work/order_remote_last/s0 -> C (107.0s)
[queue 451/1800] ok ('llama3.2:3b', 'remote_work', 'order_remote_last', 0) job=114s eta=24.3h
llama3.2:3b/remote_work/order_remote_last/s1 -> C (86.9s)
[queue 452/1800] ok ('llama3.2:3b', 'remote_work', 'order_remote_last', 1) job=93s eta=24.3h
llama3.2:3b/remote_work/order_remote_last/s2 -> C (108.4s)
[queue 453/1800] ok ('llama3.2:3b', 'remote_work', 'order_remote_last', 2) job=115s eta=24.3h
llama3.2:3b/remote_work/order_remote_last/s3 -> C (107.1s)
[queue 454/1800] ok ('llama3.2:3b', 'remote_work', 'order_remote_last', 3) job=114s eta=24.3h
llama3.2:3b/remote_work/order_remote_last/s4 -> C (101.4s)
[queue 455/1800] ok ('llama3.2:3b', 'remote_work', 'order_remote_last', 4) job=108s eta=24.4h
llama3.2:3b/remote_work/order_remote_last/s5 -> C (120.5s)
[queue 456/1800] ok ('llama3.2:3b', 'remote_work', 'order_remote_last', 5) job=127s eta=24.4h
llama3.2:3b/remote_work/order_remote_last/s6 -> C (87.9s)
[queue 457/1800] ok ('llama3.2:3b', 'remote_work', 'order_remote_last', 6) job=94s eta=24.4h
llama3.2:3b/remote_work/order_remote_last/s7 -> C (97.7s)
[queue 458/1800] ok ('llama3.2:3b', 'remote_work', 'order_remote_last', 7) job=104s eta=24.4h
llama3.2:3b/remote_work/order_remote_last/s8 -> C (102.4s)
[queue 459/1800] ok ('llama3.2:3b', 'remote_work', 'order_remote_last', 8) job=109s eta=24.4h
llama3.2:3b/remote_work/order_remote_last/s9 -> C (105.9s)
[queue 460/1800] ok ('llama3.2:3b', 'remote_work', 'order_remote_last', 9) job=113s eta=24.4h
llama3.2:3b/remote_work/order_remote_last/s10 -> C (99.3s)
[queue 461/1800] ok ('llama3.2:3b', 'remote_work', 'order_remote_last', 10) job=106s eta=24.5h
llama3.2:3b/remote_work/order_remote_last/s11 -> C (78.9s)
[queue 462/1800] ok ('llama3.2:3b', 'remote_work', 'order_remote_last', 11) job=85s eta=24.5h
llama3.2:3b/remote_work/order_remote_last/s12 -> C (81.1s)
[queue 463/1800] ok ('llama3.2:3b', 'remote_work', 'order_remote_last', 12) job=88s eta=24.5h
llama3.2:3b/remote_work/order_remote_last/s13 -> C (95.1s)
[queue 464/1800] ok ('llama3.2:3b', 'remote_work', 'order_remote_last', 13) job=101s eta=24.5h
llama3.2:3b/remote_work/order_remote_last/s14 -> C (100.9s)
[queue 465/1800] ok ('llama3.2:3b', 'remote_work', 'order_remote_last', 14) job=107s eta=24.5h
llama3.2:3b/remote_work/order_remote_last/s15 -> C (93.4s)
[queue 466/1800] ok ('llama3.2:3b', 'remote_work', 'order_remote_last', 15) job=100s eta=24.5h
llama3.2:3b/remote_work/order_remote_last/s16 -> C (113.4s)
[queue 467/1800] ok ('llama3.2:3b', 'remote_work', 'order_remote_last', 16) job=120s eta=24.5h
llama3.2:3b/remote_work/order_remote_last/s17 -> C (114.5s)
[queue 468/1800] ok ('llama3.2:3b', 'remote_work', 'order_remote_last', 17) job=121s eta=24.5h
llama3.2:3b/remote_work/order_remote_last/s18 -> C (102.2s)
[queue 469/1800] ok ('llama3.2:3b', 'remote_work', 'order_remote_last', 18) job=109s eta=24.6h
llama3.2:3b/remote_work/order_remote_last/s19 -> C (106.0s)
[queue 470/1800] ok ('llama3.2:3b', 'remote_work', 'order_remote_last', 19) job=113s eta=24.6h
llama3.2:3b/remote_work/order_remote_last/s20 -> C (96.8s)
[queue 471/1800] ok ('llama3.2:3b', 'remote_work', 'order_remote_last', 20) job=103s eta=24.6h
llama3.2:3b/remote_work/order_remote_last/s21 -> C (85.6s)
[queue 472/1800] ok ('llama3.2:3b', 'remote_work', 'order_remote_last', 21) job=92s eta=24.6h
llama3.2:3b/remote_work/order_remote_last/s22 -> C (112.3s)
[queue 473/1800] ok ('llama3.2:3b', 'remote_work', 'order_remote_last', 22) job=118s eta=24.6h
llama3.2:3b/remote_work/order_remote_last/s23 -> C (82.0s)
[queue 474/1800] ok ('llama3.2:3b', 'remote_work', 'order_remote_last', 23) job=88s eta=24.6h
llama3.2:3b/remote_work/order_remote_last/s24 -> C (90.5s)
[queue 475/1800] ok ('llama3.2:3b', 'remote_work', 'order_remote_last', 24) job=97s eta=24.6h
llama3.2:3b/remote_work/order_remote_last/s25 -> C (113.1s)
[queue 476/1800] ok ('llama3.2:3b', 'remote_work', 'order_remote_last', 25) job=120s eta=24.6h
llama3.2:3b/remote_work/order_remote_last/s26 -> C (117.3s)
[queue 477/1800] ok ('llama3.2:3b', 'remote_work', 'order_remote_last', 26) job=124s eta=24.7h
llama3.2:3b/remote_work/order_remote_last/s27 -> C (102.7s)
[queue 478/1800] ok ('llama3.2:3b', 'remote_work', 'order_remote_last', 27) job=109s eta=24.7h
llama3.2:3b/remote_work/order_remote_last/s28 -> C (75.7s)
[queue 479/1800] ok ('llama3.2:3b', 'remote_work', 'order_remote_last', 28) job=82s eta=24.7h
llama3.2:3b/remote_work/order_remote_last/s29 -> C (85.2s)
[queue 480/1800] ok ('llama3.2:3b', 'remote_work', 'order_remote_last', 29) job=92s eta=24.7h
llama3.2:3b/remote_work/order_remote_last/s30 -> C (96.4s)
[queue 481/1800] ok ('llama3.2:3b', 'remote_work', 'order_remote_last', 30) job=103s eta=24.7h
llama3.2:3b/remote_work/order_remote_last/s31 -> C (113.1s)
[queue 482/1800] ok ('llama3.2:3b', 'remote_work', 'order_remote_last', 31) job=120s eta=24.7h
llama3.2:3b/remote_work/order_remote_last/s32 -> C (111.3s)
[queue 483/1800] ok ('llama3.2:3b', 'remote_work', 'order_remote_last', 32) job=118s eta=24.7h
llama3.2:3b/remote_work/order_remote_last/s33 -> C (117.3s)
[queue 484/1800] ok ('llama3.2:3b', 'remote_work', 'order_remote_last', 33) job=124s eta=24.7h
llama3.2:3b/remote_work/order_remote_last/s34 -> C (94.5s)
[queue 485/1800] ok ('llama3.2:3b', 'remote_work', 'order_remote_last', 34) job=101s eta=24.7h
llama3.2:3b/remote_work/order_remote_last/s35 -> C (101.0s)
[queue 486/1800] ok ('llama3.2:3b', 'remote_work', 'order_remote_last', 35) job=108s eta=24.7h
llama3.2:3b/remote_work/order_remote_last/s36 -> C (96.5s)
[queue 487/1800] ok ('llama3.2:3b', 'remote_work', 'order_remote_last', 36) job=103s eta=24.8h
llama3.2:3b/remote_work/order_remote_last/s37 -> C (77.8s)
[queue 488/1800] ok ('llama3.2:3b', 'remote_work', 'order_remote_last', 37) job=84s eta=24.8h
llama3.2:3b/remote_work/order_remote_last/s38 -> C (79.3s)
[queue 489/1800] ok ('llama3.2:3b', 'remote_work', 'order_remote_last', 38) job=86s eta=24.7h
llama3.2:3b/remote_work/order_remote_last/s39 -> C (98.9s)
[queue 490/1800] ok ('llama3.2:3b', 'remote_work', 'order_remote_last', 39) job=105s eta=24.8h
llama3.2:3b/remote_work/order_remote_last/s40 -> C (104.3s)
[queue 491/1800] ok ('llama3.2:3b', 'remote_work', 'order_remote_last', 40) job=111s eta=24.8h
llama3.2:3b/remote_work/order_remote_last/s41 -> C (85.6s)
[queue 492/1800] ok ('llama3.2:3b', 'remote_work', 'order_remote_last', 41) job=92s eta=24.8h
llama3.2:3b/remote_work/order_remote_last/s42 -> C (109.0s)
[queue 493/1800] ok ('llama3.2:3b', 'remote_work', 'order_remote_last', 42) job=115s eta=24.8h
llama3.2:3b/remote_work/order_remote_last/s43 -> C (110.2s)
[queue 494/1800] ok ('llama3.2:3b', 'remote_work', 'order_remote_last', 43) job=117s eta=24.8h
llama3.2:3b/remote_work/order_remote_last/s44 -> C (102.8s)
[queue 495/1800] ok ('llama3.2:3b', 'remote_work', 'order_remote_last', 44) job=109s eta=24.8h
llama3.2:3b/remote_work/order_remote_last/s45 -> C (99.2s)
[queue 496/1800] ok ('llama3.2:3b', 'remote_work', 'order_remote_last', 45) job=106s eta=24.8h
llama3.2:3b/remote_work/order_remote_last/s46 -> C (79.9s)
[queue 497/1800] ok ('llama3.2:3b', 'remote_work', 'order_remote_last', 46) job=86s eta=24.8h
llama3.2:3b/remote_work/order_remote_last/s47 -> C (89.6s)
[queue 498/1800] ok ('llama3.2:3b', 'remote_work', 'order_remote_last', 47) job=96s eta=24.8h
llama3.2:3b/remote_work/order_remote_last/s48 -> C (94.7s)
[queue 499/1800] ok ('llama3.2:3b', 'remote_work', 'order_remote_last', 48) job=102s eta=24.8h
llama3.2:3b/remote_work/order_remote_last/s49 -> C (97.7s)
[queue 500/1800] ok ('llama3.2:3b', 'remote_work', 'order_remote_last', 49) job=104s eta=24.8h
gemma4:e4b/remote_work/matched_balanced/s0 -> B (135.2s)
[queue 501/1800] ok ('gemma4:e4b', 'remote_work', 'matched_balanced', 0) job=141s eta=24.9h
gemma4:e4b/remote_work/matched_balanced/s1 -> B (131.3s)
[queue 502/1800] ok ('gemma4:e4b', 'remote_work', 'matched_balanced', 1) job=138s eta=24.9h
gemma4:e4b/remote_work/matched_balanced/s2 -> B (133.1s)
[queue 503/1800] ok ('gemma4:e4b', 'remote_work', 'matched_balanced', 2) job=140s eta=24.9h
gemma4:e4b/remote_work/matched_balanced/s3 -> B (131.2s)
[queue 504/1800] ok ('gemma4:e4b', 'remote_work', 'matched_balanced', 3) job=138s eta=24.9h
gemma4:e4b/remote_work/matched_balanced/s4 -> B (123.1s)
[queue 505/1800] ok ('gemma4:e4b', 'remote_work', 'matched_balanced', 4) job=130s eta=25.0h
gemma4:e4b/remote_work/matched_balanced/s5 -> B (131.8s)
[queue 506/1800] ok ('gemma4:e4b', 'remote_work', 'matched_balanced', 5) job=138s eta=25.0h
gemma4:e4b/remote_work/matched_balanced/s6 -> B (127.8s)
[queue 507/1800] ok ('gemma4:e4b', 'remote_work', 'matched_balanced', 6) job=134s eta=25.0h
gemma4:e4b/remote_work/matched_balanced/s7 -> B (128.5s)
[queue 508/1800] ok ('gemma4:e4b', 'remote_work', 'matched_balanced', 7) job=135s eta=25.1h
gemma4:e4b/remote_work/matched_balanced/s8 -> B (134.6s)
[queue 509/1800] ok ('gemma4:e4b', 'remote_work', 'matched_balanced', 8) job=141s eta=25.1h
gemma4:e4b/remote_work/matched_balanced/s9 -> B (135.6s)
[queue 510/1800] ok ('gemma4:e4b', 'remote_work', 'matched_balanced', 9) job=142s eta=25.1h
gemma4:e4b/remote_work/matched_balanced/s10 -> B (124.0s)
[queue 511/1800] ok ('gemma4:e4b', 'remote_work', 'matched_balanced', 10) job=131s eta=25.1h
gemma4:e4b/remote_work/matched_balanced/s11 -> B (135.1s)
[queue 512/1800] ok ('gemma4:e4b', 'remote_work', 'matched_balanced', 11) job=142s eta=25.2h
gemma4:e4b/remote_work/matched_balanced/s12 -> B (142.9s)
[queue 513/1800] ok ('gemma4:e4b', 'remote_work', 'matched_balanced', 12) job=150s eta=25.2h
gemma4:e4b/remote_work/matched_balanced/s13 -> B (127.4s)
[queue 514/1800] ok ('gemma4:e4b', 'remote_work', 'matched_balanced', 13) job=134s eta=25.2h
gemma4:e4b/remote_work/matched_balanced/s14 -> B (136.3s)
[queue 515/1800] ok ('gemma4:e4b', 'remote_work', 'matched_balanced', 14) job=143s eta=25.3h
gemma4:e4b/remote_work/matched_balanced/s15 -> B (132.7s)
[queue 516/1800] ok ('gemma4:e4b', 'remote_work', 'matched_balanced', 15) job=139s eta=25.3h
gemma4:e4b/remote_work/matched_balanced/s16 -> B (132.0s)
[queue 517/1800] ok ('gemma4:e4b', 'remote_work', 'matched_balanced', 16) job=139s eta=25.3h
gemma4:e4b/remote_work/matched_balanced/s17 -> B (129.5s)
[queue 518/1800] ok ('gemma4:e4b', 'remote_work', 'matched_balanced', 17) job=136s eta=25.3h
gemma4:e4b/remote_work/matched_balanced/s18 -> B (146.6s)
[queue 519/1800] ok ('gemma4:e4b', 'remote_work', 'matched_balanced', 18) job=154s eta=25.4h
gemma4:e4b/remote_work/matched_balanced/s19 -> B (137.5s)
[queue 520/1800] ok ('gemma4:e4b', 'remote_work', 'matched_balanced', 19) job=146s eta=25.4h
gemma4:e4b/remote_work/matched_balanced/s20 -> B (135.3s)
[queue 521/1800] ok ('gemma4:e4b', 'remote_work', 'matched_balanced', 20) job=142s eta=25.4h
gemma4:e4b/remote_work/matched_balanced/s21 -> B (130.2s)
[queue 522/1800] ok ('gemma4:e4b', 'remote_work', 'matched_balanced', 21) job=137s eta=25.5h
gemma4:e4b/remote_work/matched_balanced/s22 -> B (128.5s)
[queue 523/1800] ok ('gemma4:e4b', 'remote_work', 'matched_balanced', 22) job=135s eta=25.5h
gemma4:e4b/remote_work/matched_balanced/s23 -> B (133.2s)
[queue 524/1800] ok ('gemma4:e4b', 'remote_work', 'matched_balanced', 23) job=140s eta=25.5h
gemma4:e4b/remote_work/matched_balanced/s24 -> B (131.4s)
[queue 525/1800] ok ('gemma4:e4b', 'remote_work', 'matched_balanced', 24) job=138s eta=25.5h
gemma4:e4b/remote_work/matched_balanced/s25 -> B (137.0s)
[queue 526/1800] ok ('gemma4:e4b', 'remote_work', 'matched_balanced', 25) job=144s eta=25.6h
gemma4:e4b/remote_work/matched_balanced/s26 -> B (132.4s)
[queue 527/1800] ok ('gemma4:e4b', 'remote_work', 'matched_balanced', 26) job=139s eta=25.6h
gemma4:e4b/remote_work/matched_balanced/s27 -> B (139.8s)
[queue 528/1800] ok ('gemma4:e4b', 'remote_work', 'matched_balanced', 27) job=146s eta=25.6h
gemma4:e4b/remote_work/matched_balanced/s28 -> B (138.6s)
[queue 529/1800] ok ('gemma4:e4b', 'remote_work', 'matched_balanced', 28) job=145s eta=25.6h
gemma4:e4b/remote_work/matched_balanced/s29 -> B (129.3s)
[queue 530/1800] ok ('gemma4:e4b', 'remote_work', 'matched_balanced', 29) job=136s eta=25.7h
gemma4:e4b/remote_work/matched_balanced/s30 -> B (128.7s)
[queue 531/1800] ok ('gemma4:e4b', 'remote_work', 'matched_balanced', 30) job=135s eta=25.7h
gemma4:e4b/remote_work/matched_balanced/s31 -> B (130.4s)
[queue 532/1800] ok ('gemma4:e4b', 'remote_work', 'matched_balanced', 31) job=138s eta=25.7h
gemma4:e4b/remote_work/matched_balanced/s32 -> B (136.2s)
[queue 533/1800] ok ('gemma4:e4b', 'remote_work', 'matched_balanced', 32) job=143s eta=25.7h
gemma4:e4b/remote_work/matched_balanced/s33 -> B (138.6s)
[queue 534/1800] ok ('gemma4:e4b', 'remote_work', 'matched_balanced', 33) job=145s eta=25.8h
gemma4:e4b/remote_work/matched_balanced/s34 -> B (134.9s)
[queue 535/1800] ok ('gemma4:e4b', 'remote_work', 'matched_balanced', 34) job=142s eta=25.8h
gemma4:e4b/remote_work/matched_balanced/s35 -> B (133.6s)
[queue 536/1800] ok ('gemma4:e4b', 'remote_work', 'matched_balanced', 35) job=140s eta=25.8h
gemma4:e4b/remote_work/matched_balanced/s36 -> B (130.3s)
[queue 537/1800] ok ('gemma4:e4b', 'remote_work', 'matched_balanced', 36) job=137s eta=25.8h
gemma4:e4b/remote_work/matched_balanced/s37 -> B (141.7s)
[queue 538/1800] ok ('gemma4:e4b', 'remote_work', 'matched_balanced', 37) job=149s eta=25.9h
gemma4:e4b/remote_work/matched_balanced/s38 -> B (130.2s)
[queue 539/1800] ok ('gemma4:e4b', 'remote_work', 'matched_balanced', 38) job=137s eta=25.9h
gemma4:e4b/remote_work/matched_balanced/s39 -> B (128.1s)
[queue 540/1800] ok ('gemma4:e4b', 'remote_work', 'matched_balanced', 39) job=135s eta=25.9h
gemma4:e4b/remote_work/matched_balanced/s40 -> B (139.4s)
[queue 541/1800] ok ('gemma4:e4b', 'remote_work', 'matched_balanced', 40) job=147s eta=25.9h
gemma4:e4b/remote_work/matched_balanced/s41 -> B (134.0s)
[queue 542/1800] ok ('gemma4:e4b', 'remote_work', 'matched_balanced', 41) job=141s eta=26.0h
gemma4:e4b/remote_work/matched_balanced/s42 -> B (131.7s)
[queue 543/1800] ok ('gemma4:e4b', 'remote_work', 'matched_balanced', 42) job=138s eta=26.0h
gemma4:e4b/remote_work/matched_balanced/s43 -> B (129.4s)
[queue 544/1800] ok ('gemma4:e4b', 'remote_work', 'matched_balanced', 43) job=136s eta=26.0h
gemma4:e4b/remote_work/matched_balanced/s44 -> B (134.4s)
[queue 545/1800] ok ('gemma4:e4b', 'remote_work', 'matched_balanced', 44) job=141s eta=26.0h
gemma4:e4b/remote_work/matched_balanced/s45 -> B (128.5s)
[queue 546/1800] ok ('gemma4:e4b', 'remote_work', 'matched_balanced', 45) job=135s eta=26.0h
gemma4:e4b/remote_work/matched_balanced/s46 -> B (122.7s)
[queue 547/1800] ok ('gemma4:e4b', 'remote_work', 'matched_balanced', 46) job=130s eta=26.0h
gemma4:e4b/remote_work/matched_balanced/s47 -> B (129.2s)
[queue 548/1800] ok ('gemma4:e4b', 'remote_work', 'matched_balanced', 47) job=136s eta=26.1h
gemma4:e4b/remote_work/matched_balanced/s48 -> B (126.2s)
[queue 549/1800] ok ('gemma4:e4b', 'remote_work', 'matched_balanced', 48) job=133s eta=26.1h
gemma4:e4b/remote_work/matched_balanced/s49 -> B (136.0s)
[queue 550/1800] ok ('gemma4:e4b', 'remote_work', 'matched_balanced', 49) job=143s eta=26.1h
gemma4:e4b/remote_work/matched_rto/s0 -> B (134.0s)
[queue 551/1800] ok ('gemma4:e4b', 'remote_work', 'matched_rto', 0) job=141s eta=26.1h
gemma4:e4b/remote_work/matched_rto/s1 -> B (148.0s)
[queue 552/1800] ok ('gemma4:e4b', 'remote_work', 'matched_rto', 1) job=155s eta=26.2h
gemma4:e4b/remote_work/matched_rto/s2 -> B (143.5s)
[queue 553/1800] ok ('gemma4:e4b', 'remote_work', 'matched_rto', 2) job=151s eta=26.2h
gemma4:e4b/remote_work/matched_rto/s3 -> B (128.8s)
[queue 554/1800] ok ('gemma4:e4b', 'remote_work', 'matched_rto', 3) job=136s eta=26.2h
gemma4:e4b/remote_work/matched_rto/s4 -> B (138.8s)
[queue 555/1800] ok ('gemma4:e4b', 'remote_work', 'matched_rto', 4) job=146s eta=26.2h
gemma4:e4b/remote_work/matched_rto/s5 -> B (140.4s)
[queue 556/1800] ok ('gemma4:e4b', 'remote_work', 'matched_rto', 5) job=147s eta=26.2h
gemma4:e4b/remote_work/matched_rto/s6 -> B (149.4s)
[queue 557/1800] ok ('gemma4:e4b', 'remote_work', 'matched_rto', 6) job=156s eta=26.3h
gemma4:e4b/remote_work/matched_rto/s7 -> B (138.7s)
[queue 558/1800] ok ('gemma4:e4b', 'remote_work', 'matched_rto', 7) job=146s eta=26.3h
gemma4:e4b/remote_work/matched_rto/s8 -> B (135.8s)
[queue 559/1800] ok ('gemma4:e4b', 'remote_work', 'matched_rto', 8) job=143s eta=26.3h
gemma4:e4b/remote_work/matched_rto/s9 -> B (133.6s)
[queue 560/1800] ok ('gemma4:e4b', 'remote_work', 'matched_rto', 9) job=140s eta=26.3h
gemma4:e4b/remote_work/matched_rto/s10 -> B (148.8s)
[queue 561/1800] ok ('gemma4:e4b', 'remote_work', 'matched_rto', 10) job=156s eta=26.4h
gemma4:e4b/remote_work/matched_rto/s11 -> B (137.7s)
[queue 562/1800] ok ('gemma4:e4b', 'remote_work', 'matched_rto', 11) job=145s eta=26.4h
gemma4:e4b/remote_work/matched_rto/s12 -> B (132.4s)
[queue 563/1800] ok ('gemma4:e4b', 'remote_work', 'matched_rto', 12) job=139s eta=26.4h
gemma4:e4b/remote_work/matched_rto/s13 -> B (147.1s)
[queue 564/1800] ok ('gemma4:e4b', 'remote_work', 'matched_rto', 13) job=155s eta=26.4h
gemma4:e4b/remote_work/matched_rto/s14 -> B (142.7s)
[queue 565/1800] ok ('gemma4:e4b', 'remote_work', 'matched_rto', 14) job=151s eta=26.4h
gemma4:e4b/remote_work/matched_rto/s15 -> B (141.4s)
[queue 566/1800] ok ('gemma4:e4b', 'remote_work', 'matched_rto', 15) job=148s eta=26.5h
gemma4:e4b/remote_work/matched_rto/s16 -> B (139.2s)
[queue 567/1800] ok ('gemma4:e4b', 'remote_work', 'matched_rto', 16) job=146s eta=26.5h
gemma4:e4b/remote_work/matched_rto/s17 -> B (142.1s)
[queue 568/1800] ok ('gemma4:e4b', 'remote_work', 'matched_rto', 17) job=149s eta=26.5h
gemma4:e4b/remote_work/matched_rto/s18 -> B (143.4s)
[queue 569/1800] ok ('gemma4:e4b', 'remote_work', 'matched_rto', 18) job=151s eta=26.5h
gemma4:e4b/remote_work/matched_rto/s19 -> B (148.7s)
[queue 570/1800] ok ('gemma4:e4b', 'remote_work', 'matched_rto', 19) job=157s eta=26.6h
gemma4:e4b/remote_work/matched_rto/s20 -> B (144.6s)
[queue 571/1800] ok ('gemma4:e4b', 'remote_work', 'matched_rto', 20) job=152s eta=26.6h
gemma4:e4b/remote_work/matched_rto/s21 -> B (137.4s)
[queue 572/1800] ok ('gemma4:e4b', 'remote_work', 'matched_rto', 21) job=144s eta=26.6h
gemma4:e4b/remote_work/matched_rto/s22 -> B (144.6s)
[queue 573/1800] ok ('gemma4:e4b', 'remote_work', 'matched_rto', 22) job=151s eta=26.6h
gemma4:e4b/remote_work/matched_rto/s23 -> B (142.2s)
[queue 574/1800] ok ('gemma4:e4b', 'remote_work', 'matched_rto', 23) job=149s eta=26.6h
gemma4:e4b/remote_work/matched_rto/s24 -> B (134.1s)
[queue 575/1800] ok ('gemma4:e4b', 'remote_work', 'matched_rto', 24) job=141s eta=26.7h
gemma4:e4b/remote_work/matched_rto/s25 -> B (143.5s)
[queue 576/1800] ok ('gemma4:e4b', 'remote_work', 'matched_rto', 25) job=150s eta=26.7h
gemma4:e4b/remote_work/matched_rto/s26 -> B (140.3s)
[queue 577/1800] ok ('gemma4:e4b', 'remote_work', 'matched_rto', 26) job=147s eta=26.7h
gemma4:e4b/remote_work/matched_rto/s27 -> B (137.6s)
[queue 578/1800] ok ('gemma4:e4b', 'remote_work', 'matched_rto', 27) job=144s eta=26.7h
gemma4:e4b/remote_work/matched_rto/s28 -> B (138.4s)
[queue 579/1800] ok ('gemma4:e4b', 'remote_work', 'matched_rto', 28) job=145s eta=26.7h
gemma4:e4b/remote_work/matched_rto/s29 -> B (135.8s)
[queue 580/1800] ok ('gemma4:e4b', 'remote_work', 'matched_rto', 29) job=143s eta=26.7h
gemma4:e4b/remote_work/matched_rto/s30 -> B (136.8s)
[queue 581/1800] ok ('gemma4:e4b', 'remote_work', 'matched_rto', 30) job=143s eta=26.8h
gemma4:e4b/remote_work/matched_rto/s31 -> B (144.1s)
[queue 582/1800] ok ('gemma4:e4b', 'remote_work', 'matched_rto', 31) job=151s eta=26.8h
gemma4:e4b/remote_work/matched_rto/s32 -> B (151.4s)
[queue 583/1800] ok ('gemma4:e4b', 'remote_work', 'matched_rto', 32) job=158s eta=26.8h
gemma4:e4b/remote_work/matched_rto/s33 -> B (163.7s)
[queue 584/1800] ok ('gemma4:e4b', 'remote_work', 'matched_rto', 33) job=171s eta=26.8h
gemma4:e4b/remote_work/matched_rto/s34 -> B (148.2s)
[queue 585/1800] ok ('gemma4:e4b', 'remote_work', 'matched_rto', 34) job=155s eta=26.9h
gemma4:e4b/remote_work/matched_rto/s35 -> B (149.6s)
[queue 586/1800] ok ('gemma4:e4b', 'remote_work', 'matched_rto', 35) job=156s eta=26.9h
gemma4:e4b/remote_work/matched_rto/s36 -> B (133.1s)
[queue 587/1800] ok ('gemma4:e4b', 'remote_work', 'matched_rto', 36) job=140s eta=26.9h
gemma4:e4b/remote_work/matched_rto/s37 -> B (135.1s)
[queue 588/1800] ok ('gemma4:e4b', 'remote_work', 'matched_rto', 37) job=142s eta=26.9h
gemma4:e4b/remote_work/matched_rto/s38 -> B (142.6s)
[queue 589/1800] ok ('gemma4:e4b', 'remote_work', 'matched_rto', 38) job=150s eta=26.9h
gemma4:e4b/remote_work/matched_rto/s39 -> B (157.7s)
[queue 590/1800] ok ('gemma4:e4b', 'remote_work', 'matched_rto', 39) job=165s eta=26.9h
gemma4:e4b/remote_work/matched_rto/s40 -> B (136.9s)
[queue 591/1800] ok ('gemma4:e4b', 'remote_work', 'matched_rto', 40) job=144s eta=27.0h
gemma4:e4b/remote_work/matched_rto/s41 -> B (139.6s)
[queue 592/1800] ok ('gemma4:e4b', 'remote_work', 'matched_rto', 41) job=147s eta=27.0h
gemma4:e4b/remote_work/matched_rto/s42 -> B (147.7s)
[queue 593/1800] ok ('gemma4:e4b', 'remote_work', 'matched_rto', 42) job=155s eta=27.0h
gemma4:e4b/remote_work/matched_rto/s43 -> B (135.8s)
[queue 594/1800] ok ('gemma4:e4b', 'remote_work', 'matched_rto', 43) job=143s eta=27.0h
gemma4:e4b/remote_work/matched_rto/s44 -> B (145.3s)
[queue 595/1800] ok ('gemma4:e4b', 'remote_work', 'matched_rto', 44) job=152s eta=27.0h
gemma4:e4b/remote_work/matched_rto/s45 -> B (137.7s)
[queue 596/1800] ok ('gemma4:e4b', 'remote_work', 'matched_rto', 45) job=144s eta=27.0h
gemma4:e4b/remote_work/matched_rto/s46 -> B (130.9s)
[queue 597/1800] ok ('gemma4:e4b', 'remote_work', 'matched_rto', 46) job=138s eta=27.0h
gemma4:e4b/remote_work/matched_rto/s47 -> B (142.4s)
[queue 598/1800] ok ('gemma4:e4b', 'remote_work', 'matched_rto', 47) job=149s eta=27.1h
gemma4:e4b/remote_work/matched_rto/s48 -> B (139.8s)
[queue 599/1800] ok ('gemma4:e4b', 'remote_work', 'matched_rto', 48) job=147s eta=27.1h
gemma4:e4b/remote_work/matched_rto/s49 -> B (140.1s)
[queue 600/1800] ok ('gemma4:e4b', 'remote_work', 'matched_rto', 49) job=147s eta=27.1h
gemma4:e4b/remote_work/matched_remote/s0 -> B (133.4s)
[queue 601/1800] ok ('gemma4:e4b', 'remote_work', 'matched_remote', 0) job=140s eta=27.1h
gemma4:e4b/remote_work/matched_remote/s1 -> B (138.4s)
[queue 602/1800] ok ('gemma4:e4b', 'remote_work', 'matched_remote', 1) job=146s eta=27.1h
gemma4:e4b/remote_work/matched_remote/s2 -> B (137.8s)
[queue 603/1800] ok ('gemma4:e4b', 'remote_work', 'matched_remote', 2) job=145s eta=27.1h
gemma4:e4b/remote_work/matched_remote/s3 -> B (133.2s)
[queue 604/1800] ok ('gemma4:e4b', 'remote_work', 'matched_remote', 3) job=140s eta=27.1h
gemma4:e4b/remote_work/matched_remote/s4 -> B (134.4s)
[queue 605/1800] ok ('gemma4:e4b', 'remote_work', 'matched_remote', 4) job=141s eta=27.1h
gemma4:e4b/remote_work/matched_remote/s5 -> B (145.2s)
[queue 606/1800] ok ('gemma4:e4b', 'remote_work', 'matched_remote', 5) job=152s eta=27.2h
gemma4:e4b/remote_work/matched_remote/s6 -> B (141.6s)
[queue 607/1800] ok ('gemma4:e4b', 'remote_work', 'matched_remote', 6) job=149s eta=27.2h
gemma4:e4b/remote_work/matched_remote/s7 -> B (143.7s)
[queue 608/1800] ok ('gemma4:e4b', 'remote_work', 'matched_remote', 7) job=151s eta=27.2h
gemma4:e4b/remote_work/matched_remote/s8 -> B (141.0s)
[queue 609/1800] ok ('gemma4:e4b', 'remote_work', 'matched_remote', 8) job=148s eta=27.2h
gemma4:e4b/remote_work/matched_remote/s9 -> B (130.4s)
[queue 610/1800] ok ('gemma4:e4b', 'remote_work', 'matched_remote', 9) job=137s eta=27.2h
gemma4:e4b/remote_work/matched_remote/s10 -> B (132.3s)
[queue 611/1800] ok ('gemma4:e4b', 'remote_work', 'matched_remote', 10) job=140s eta=27.2h
gemma4:e4b/remote_work/matched_remote/s11 -> B (131.0s)
[queue 612/1800] ok ('gemma4:e4b', 'remote_work', 'matched_remote', 11) job=138s eta=27.2h
gemma4:e4b/remote_work/matched_remote/s12 -> B (142.7s)
[queue 613/1800] ok ('gemma4:e4b', 'remote_work', 'matched_remote', 12) job=150s eta=27.2h
gemma4:e4b/remote_work/matched_remote/s13 -> B (134.0s)
[queue 614/1800] ok ('gemma4:e4b', 'remote_work', 'matched_remote', 13) job=141s eta=27.2h
gemma4:e4b/remote_work/matched_remote/s14 -> B (139.3s)
[queue 615/1800] ok ('gemma4:e4b', 'remote_work', 'matched_remote', 14) job=146s eta=27.3h
gemma4:e4b/remote_work/matched_remote/s15 -> B (135.2s)
[queue 616/1800] ok ('gemma4:e4b', 'remote_work', 'matched_remote', 15) job=142s eta=27.3h
gemma4:e4b/remote_work/matched_remote/s16 -> B (136.4s)
[queue 617/1800] ok ('gemma4:e4b', 'remote_work', 'matched_remote', 16) job=143s eta=27.3h
gemma4:e4b/remote_work/matched_remote/s17 -> B (128.5s)
[queue 618/1800] ok ('gemma4:e4b', 'remote_work', 'matched_remote', 17) job=135s eta=27.3h
gemma4:e4b/remote_work/matched_remote/s18 -> B (141.6s)
[queue 619/1800] ok ('gemma4:e4b', 'remote_work', 'matched_remote', 18) job=148s eta=27.3h
gemma4:e4b/remote_work/matched_remote/s19 -> B (139.9s)
[queue 620/1800] ok ('gemma4:e4b', 'remote_work', 'matched_remote', 19) job=147s eta=27.3h
gemma4:e4b/remote_work/matched_remote/s20 -> B (131.5s)
[queue 621/1800] ok ('gemma4:e4b', 'remote_work', 'matched_remote', 20) job=138s eta=27.3h
gemma4:e4b/remote_work/matched_remote/s21 -> B (142.4s)
[queue 622/1800] ok ('gemma4:e4b', 'remote_work', 'matched_remote', 21) job=150s eta=27.3h
gemma4:e4b/remote_work/matched_remote/s22 -> B (134.2s)
[queue 623/1800] ok ('gemma4:e4b', 'remote_work', 'matched_remote', 22) job=141s eta=27.3h
gemma4:e4b/remote_work/matched_remote/s23 -> B (135.7s)
[queue 624/1800] ok ('gemma4:e4b', 'remote_work', 'matched_remote', 23) job=143s eta=27.3h
gemma4:e4b/remote_work/matched_remote/s24 -> B (143.2s)
[queue 625/1800] ok ('gemma4:e4b', 'remote_work', 'matched_remote', 24) job=150s eta=27.3h
gemma4:e4b/remote_work/matched_remote/s25 -> B (140.8s)
[queue 626/1800] ok ('gemma4:e4b', 'remote_work', 'matched_remote', 25) job=148s eta=27.4h
gemma4:e4b/remote_work/matched_remote/s26 -> B (141.9s)
[queue 627/1800] ok ('gemma4:e4b', 'remote_work', 'matched_remote', 26) job=149s eta=27.4h
gemma4:e4b/remote_work/matched_remote/s27 -> B (132.1s)
[queue 628/1800] ok ('gemma4:e4b', 'remote_work', 'matched_remote', 27) job=139s eta=27.4h
gemma4:e4b/remote_work/matched_remote/s28 -> B (135.2s)
[queue 629/1800] ok ('gemma4:e4b', 'remote_work', 'matched_remote', 28) job=143s eta=27.4h
gemma4:e4b/remote_work/matched_remote/s29 -> B (131.8s)
[queue 630/1800] ok ('gemma4:e4b', 'remote_work', 'matched_remote', 29) job=139s eta=27.4h
gemma4:e4b/remote_work/matched_remote/s30 -> B (140.8s)
[queue 631/1800] ok ('gemma4:e4b', 'remote_work', 'matched_remote', 30) job=147s eta=27.4h
gemma4:e4b/remote_work/matched_remote/s31 -> B (143.4s)
[queue 632/1800] ok ('gemma4:e4b', 'remote_work', 'matched_remote', 31) job=150s eta=27.4h
gemma4:e4b/remote_work/matched_remote/s32 -> B (136.4s)
[queue 633/1800] ok ('gemma4:e4b', 'remote_work', 'matched_remote', 32) job=143s eta=27.4h
gemma4:e4b/remote_work/matched_remote/s33 -> B (131.6s)
[queue 634/1800] ok ('gemma4:e4b', 'remote_work', 'matched_remote', 33) job=139s eta=27.4h
gemma4:e4b/remote_work/matched_remote/s34 -> B (137.4s)
[queue 635/1800] ok ('gemma4:e4b', 'remote_work', 'matched_remote', 34) job=144s eta=27.4h
gemma4:e4b/remote_work/matched_remote/s35 -> B (130.2s)
[queue 636/1800] ok ('gemma4:e4b', 'remote_work', 'matched_remote', 35) job=137s eta=27.4h
gemma4:e4b/remote_work/matched_remote/s36 -> B (132.0s)
[queue 637/1800] ok ('gemma4:e4b', 'remote_work', 'matched_remote', 36) job=139s eta=27.4h
gemma4:e4b/remote_work/matched_remote/s37 -> B (139.9s)
[queue 638/1800] ok ('gemma4:e4b', 'remote_work', 'matched_remote', 37) job=147s eta=27.4h
gemma4:e4b/remote_work/matched_remote/s38 -> B (144.6s)
[queue 639/1800] ok ('gemma4:e4b', 'remote_work', 'matched_remote', 38) job=152s eta=27.4h
gemma4:e4b/remote_work/matched_remote/s39 -> B (134.3s)
[queue 640/1800] ok ('gemma4:e4b', 'remote_work', 'matched_remote', 39) job=141s eta=27.5h
gemma4:e4b/remote_work/matched_remote/s40 -> B (140.4s)
[queue 641/1800] ok ('gemma4:e4b', 'remote_work', 'matched_remote', 40) job=147s eta=27.5h
gemma4:e4b/remote_work/matched_remote/s41 -> B (139.3s)
[queue 642/1800] ok ('gemma4:e4b', 'remote_work', 'matched_remote', 41) job=147s eta=27.5h
gemma4:e4b/remote_work/matched_remote/s42 -> B (156.8s)
[queue 643/1800] ok ('gemma4:e4b', 'remote_work', 'matched_remote', 42) job=164s eta=27.5h
gemma4:e4b/remote_work/matched_remote/s43 -> B (137.1s)
[queue 644/1800] ok ('gemma4:e4b', 'remote_work', 'matched_remote', 43) job=144s eta=27.5h
gemma4:e4b/remote_work/matched_remote/s44 -> B (142.9s)
[queue 645/1800] ok ('gemma4:e4b', 'remote_work', 'matched_remote', 44) job=150s eta=27.5h
gemma4:e4b/remote_work/matched_remote/s45 -> B (136.5s)
[queue 646/1800] ok ('gemma4:e4b', 'remote_work', 'matched_remote', 45) job=144s eta=27.5h
gemma4:e4b/remote_work/matched_remote/s46 -> B (146.6s)
[queue 647/1800] ok ('gemma4:e4b', 'remote_work', 'matched_remote', 46) job=153s eta=27.5h
gemma4:e4b/remote_work/matched_remote/s47 -> B (145.1s)
[queue 648/1800] ok ('gemma4:e4b', 'remote_work', 'matched_remote', 47) job=152s eta=27.5h
gemma4:e4b/remote_work/matched_remote/s48 -> B (141.2s)
[queue 649/1800] ok ('gemma4:e4b', 'remote_work', 'matched_remote', 48) job=148s eta=27.5h
gemma4:e4b/remote_work/matched_remote/s49 -> B (134.7s)
[queue 650/1800] ok ('gemma4:e4b', 'remote_work', 'matched_remote', 49) job=142s eta=27.5h
gemma4:e4b/remote_work/order_interleaved/s0 -> B (142.6s)
[queue 651/1800] ok ('gemma4:e4b', 'remote_work', 'order_interleaved', 0) job=150s eta=27.5h
gemma4:e4b/remote_work/order_interleaved/s1 -> B (149.1s)
[queue 652/1800] ok ('gemma4:e4b', 'remote_work', 'order_interleaved', 1) job=157s eta=27.5h
gemma4:e4b/remote_work/order_interleaved/s2 -> B (151.6s)
[queue 653/1800] ok ('gemma4:e4b', 'remote_work', 'order_interleaved', 2) job=159s eta=27.6h
gemma4:e4b/remote_work/order_interleaved/s3 -> B (148.6s)
[queue 654/1800] ok ('gemma4:e4b', 'remote_work', 'order_interleaved', 3) job=156s eta=27.6h
gemma4:e4b/remote_work/order_interleaved/s4 -> B (146.3s)
[queue 655/1800] ok ('gemma4:e4b', 'remote_work', 'order_interleaved', 4) job=154s eta=27.6h
gemma4:e4b/remote_work/order_interleaved/s5 -> B (146.1s)
[queue 656/1800] ok ('gemma4:e4b', 'remote_work', 'order_interleaved', 5) job=153s eta=27.6h
gemma4:e4b/remote_work/order_interleaved/s6 -> B (143.9s)
[queue 657/1800] ok ('gemma4:e4b', 'remote_work', 'order_interleaved', 6) job=151s eta=27.6h
gemma4:e4b/remote_work/order_interleaved/s7 -> B (146.2s)
[queue 658/1800] ok ('gemma4:e4b', 'remote_work', 'order_interleaved', 7) job=153s eta=27.6h
gemma4:e4b/remote_work/order_interleaved/s8 -> B (152.6s)
[queue 659/1800] ok ('gemma4:e4b', 'remote_work', 'order_interleaved', 8) job=159s eta=27.6h
gemma4:e4b/remote_work/order_interleaved/s9 -> B (147.6s)
[queue 660/1800] ok ('gemma4:e4b', 'remote_work', 'order_interleaved', 9) job=154s eta=27.6h
gemma4:e4b/remote_work/order_interleaved/s10 -> B (133.3s)
[queue 661/1800] ok ('gemma4:e4b', 'remote_work', 'order_interleaved', 10) job=140s eta=27.6h
gemma4:e4b/remote_work/order_interleaved/s11 -> B (146.2s)
[queue 662/1800] ok ('gemma4:e4b', 'remote_work', 'order_interleaved', 11) job=153s eta=27.6h
gemma4:e4b/remote_work/order_interleaved/s12 -> B (154.1s)
[queue 663/1800] ok ('gemma4:e4b', 'remote_work', 'order_interleaved', 12) job=161s eta=27.6h
gemma4:e4b/remote_work/order_interleaved/s13 -> B (132.0s)
[queue 664/1800] ok ('gemma4:e4b', 'remote_work', 'order_interleaved', 13) job=139s eta=27.6h
gemma4:e4b/remote_work/order_interleaved/s14 -> B (143.1s)
[queue 665/1800] ok ('gemma4:e4b', 'remote_work', 'order_interleaved', 14) job=150s eta=27.6h
gemma4:e4b/remote_work/order_interleaved/s15 -> B (138.7s)
[queue 666/1800] ok ('gemma4:e4b', 'remote_work', 'order_interleaved', 15) job=146s eta=27.6h
gemma4:e4b/remote_work/order_interleaved/s16 -> B (147.2s)
[queue 667/1800] ok ('gemma4:e4b', 'remote_work', 'order_interleaved', 16) job=154s eta=27.7h
gemma4:e4b/remote_work/order_interleaved/s17 -> B (139.3s)
[queue 668/1800] ok ('gemma4:e4b', 'remote_work', 'order_interleaved', 17) job=146s eta=27.7h
gemma4:e4b/remote_work/order_interleaved/s18 -> B (154.4s)
[queue 669/1800] ok ('gemma4:e4b', 'remote_work', 'order_interleaved', 18) job=161s eta=27.7h
gemma4:e4b/remote_work/order_interleaved/s19 -> B (148.4s)
[queue 670/1800] ok ('gemma4:e4b', 'remote_work', 'order_interleaved', 19) job=155s eta=27.7h
gemma4:e4b/remote_work/order_interleaved/s20 -> B (145.2s)
[queue 671/1800] ok ('gemma4:e4b', 'remote_work', 'order_interleaved', 20) job=152s eta=27.7h
gemma4:e4b/remote_work/order_interleaved/s21 -> B (141.0s)
[queue 672/1800] ok ('gemma4:e4b', 'remote_work', 'order_interleaved', 21) job=148s eta=27.7h
gemma4:e4b/remote_work/order_interleaved/s22 -> B (138.5s)
[queue 673/1800] ok ('gemma4:e4b', 'remote_work', 'order_interleaved', 22) job=145s eta=27.7h
gemma4:e4b/remote_work/order_interleaved/s23 -> B (147.1s)
[queue 674/1800] ok ('gemma4:e4b', 'remote_work', 'order_interleaved', 23) job=154s eta=27.7h
gemma4:e4b/remote_work/order_interleaved/s24 -> B (146.1s)
[queue 675/1800] ok ('gemma4:e4b', 'remote_work', 'order_interleaved', 24) job=153s eta=27.7h
gemma4:e4b/remote_work/order_interleaved/s25 -> B (146.4s)
[queue 676/1800] ok ('gemma4:e4b', 'remote_work', 'order_interleaved', 25) job=154s eta=27.7h
gemma4:e4b/remote_work/order_interleaved/s26 -> B (145.7s)
[queue 677/1800] ok ('gemma4:e4b', 'remote_work', 'order_interleaved', 26) job=153s eta=27.7h
gemma4:e4b/remote_work/order_interleaved/s27 -> B (154.8s)
[queue 678/1800] ok ('gemma4:e4b', 'remote_work', 'order_interleaved', 27) job=163s eta=27.7h
gemma4:e4b/remote_work/order_interleaved/s28 -> B (159.1s)
[queue 679/1800] ok ('gemma4:e4b', 'remote_work', 'order_interleaved', 28) job=167s eta=27.7h
gemma4:e4b/remote_work/order_interleaved/s29 -> B (142.5s)
[queue 680/1800] ok ('gemma4:e4b', 'remote_work', 'order_interleaved', 29) job=150s eta=27.7h
gemma4:e4b/remote_work/order_interleaved/s30 -> B (140.1s)
[queue 681/1800] ok ('gemma4:e4b', 'remote_work', 'order_interleaved', 30) job=148s eta=27.7h
gemma4:e4b/remote_work/order_interleaved/s31 -> B (140.1s)
[queue 682/1800] ok ('gemma4:e4b', 'remote_work', 'order_interleaved', 31) job=147s eta=27.7h
gemma4:e4b/remote_work/order_interleaved/s32 -> B (149.4s)
[queue 683/1800] ok ('gemma4:e4b', 'remote_work', 'order_interleaved', 32) job=157s eta=27.7h
gemma4:e4b/remote_work/order_interleaved/s33 -> B (150.7s)
[queue 684/1800] ok ('gemma4:e4b', 'remote_work', 'order_interleaved', 33) job=158s eta=27.7h
gemma4:e4b/remote_work/order_interleaved/s34 -> B (146.9s)
[queue 685/1800] ok ('gemma4:e4b', 'remote_work', 'order_interleaved', 34) job=154s eta=27.7h
gemma4:e4b/remote_work/order_interleaved/s35 -> B (151.1s)
[queue 686/1800] ok ('gemma4:e4b', 'remote_work', 'order_interleaved', 35) job=158s eta=27.8h
gemma4:e4b/remote_work/order_interleaved/s36 -> B (143.4s)
[queue 687/1800] ok ('gemma4:e4b', 'remote_work', 'order_interleaved', 36) job=151s eta=27.8h
gemma4:e4b/remote_work/order_interleaved/s37 -> B (158.5s)
[queue 688/1800] ok ('gemma4:e4b', 'remote_work', 'order_interleaved', 37) job=166s eta=27.8h
gemma4:e4b/remote_work/order_interleaved/s38 -> B (142.8s)
[queue 689/1800] ok ('gemma4:e4b', 'remote_work', 'order_interleaved', 38) job=150s eta=27.8h
gemma4:e4b/remote_work/order_interleaved/s39 -> B (142.5s)
[queue 690/1800] ok ('gemma4:e4b', 'remote_work', 'order_interleaved', 39) job=149s eta=27.8h
gemma4:e4b/remote_work/order_interleaved/s40 -> B (153.6s)
[queue 691/1800] ok ('gemma4:e4b', 'remote_work', 'order_interleaved', 40) job=161s eta=27.8h
gemma4:e4b/remote_work/order_interleaved/s41 -> B (150.2s)
[queue 692/1800] ok ('gemma4:e4b', 'remote_work', 'order_interleaved', 41) job=157s eta=27.8h
gemma4:e4b/remote_work/order_interleaved/s42 -> B (146.6s)
[queue 693/1800] ok ('gemma4:e4b', 'remote_work', 'order_interleaved', 42) job=154s eta=27.8h
gemma4:e4b/remote_work/order_interleaved/s43 -> B (143.5s)
[queue 694/1800] ok ('gemma4:e4b', 'remote_work', 'order_interleaved', 43) job=151s eta=27.8h
gemma4:e4b/remote_work/order_interleaved/s44 -> B (144.6s)
[queue 695/1800] ok ('gemma4:e4b', 'remote_work', 'order_interleaved', 44) job=152s eta=27.8h
gemma4:e4b/remote_work/order_interleaved/s45 -> B (142.4s)
[queue 696/1800] ok ('gemma4:e4b', 'remote_work', 'order_interleaved', 45) job=150s eta=27.8h
gemma4:e4b/remote_work/order_interleaved/s46 -> B (139.5s)
[queue 697/1800] ok ('gemma4:e4b', 'remote_work', 'order_interleaved', 46) job=147s eta=27.8h
gemma4:e4b/remote_work/order_interleaved/s47 -> B (148.9s)
[queue 698/1800] ok ('gemma4:e4b', 'remote_work', 'order_interleaved', 47) job=156s eta=27.8h
gemma4:e4b/remote_work/order_interleaved/s48 -> B (143.7s)
[queue 699/1800] ok ('gemma4:e4b', 'remote_work', 'order_interleaved', 48) job=151s eta=27.8h
gemma4:e4b/remote_work/order_interleaved/s49 -> B (154.0s)
[queue 700/1800] ok ('gemma4:e4b', 'remote_work', 'order_interleaved', 49) job=161s eta=27.8h
gemma4:e4b/remote_work/order_rto_last/s0 -> B (145.4s)
[queue 701/1800] ok ('gemma4:e4b', 'remote_work', 'order_rto_last', 0) job=153s eta=27.8h
gemma4:e4b/remote_work/order_rto_last/s1 -> B (152.1s)
[queue 702/1800] ok ('gemma4:e4b', 'remote_work', 'order_rto_last', 1) job=159s eta=27.8h
gemma4:e4b/remote_work/order_rto_last/s2 -> B (144.4s)
[queue 703/1800] ok ('gemma4:e4b', 'remote_work', 'order_rto_last', 2) job=152s eta=27.8h
gemma4:e4b/remote_work/order_rto_last/s3 -> B (158.7s)
[queue 704/1800] ok ('gemma4:e4b', 'remote_work', 'order_rto_last', 3) job=166s eta=27.8h
gemma4:e4b/remote_work/order_rto_last/s4 -> B (147.6s)
[queue 705/1800] ok ('gemma4:e4b', 'remote_work', 'order_rto_last', 4) job=155s eta=27.8h
gemma4:e4b/remote_work/order_rto_last/s5 -> B (157.5s)
[queue 706/1800] ok ('gemma4:e4b', 'remote_work', 'order_rto_last', 5) job=165s eta=27.8h
gemma4:e4b/remote_work/order_rto_last/s6 -> B (139.2s)
[queue 707/1800] ok ('gemma4:e4b', 'remote_work', 'order_rto_last', 6) job=146s eta=27.8h
gemma4:e4b/remote_work/order_rto_last/s7 -> B (145.4s)
[queue 708/1800] ok ('gemma4:e4b', 'remote_work', 'order_rto_last', 7) job=153s eta=27.8h
gemma4:e4b/remote_work/order_rto_last/s8 -> B (156.3s)
[queue 709/1800] ok ('gemma4:e4b', 'remote_work', 'order_rto_last', 8) job=164s eta=27.8h
gemma4:e4b/remote_work/order_rto_last/s9 -> B (151.8s)
[queue 710/1800] ok ('gemma4:e4b', 'remote_work', 'order_rto_last', 9) job=159s eta=27.8h
gemma4:e4b/remote_work/order_rto_last/s10 -> B (159.4s)
[queue 711/1800] ok ('gemma4:e4b', 'remote_work', 'order_rto_last', 10) job=167s eta=27.8h
gemma4:e4b/remote_work/order_rto_last/s11 -> B (153.7s)
[queue 712/1800] ok ('gemma4:e4b', 'remote_work', 'order_rto_last', 11) job=161s eta=27.8h
gemma4:e4b/remote_work/order_rto_last/s12 -> B (150.8s)
[queue 713/1800] ok ('gemma4:e4b', 'remote_work', 'order_rto_last', 12) job=158s eta=27.8h
gemma4:e4b/remote_work/order_rto_last/s13 -> B (154.2s)
[queue 714/1800] ok ('gemma4:e4b', 'remote_work', 'order_rto_last', 13) job=162s eta=27.8h
gemma4:e4b/remote_work/order_rto_last/s14 -> B (158.4s)
[queue 715/1800] ok ('gemma4:e4b', 'remote_work', 'order_rto_last', 14) job=166s eta=27.8h
gemma4:e4b/remote_work/order_rto_last/s15 -> B (148.3s)
[queue 716/1800] ok ('gemma4:e4b', 'remote_work', 'order_rto_last', 15) job=156s eta=27.8h
gemma4:e4b/remote_work/order_rto_last/s16 -> B (143.5s)
[queue 717/1800] ok ('gemma4:e4b', 'remote_work', 'order_rto_last', 16) job=151s eta=27.8h
gemma4:e4b/remote_work/order_rto_last/s17 -> B (158.6s)
[queue 718/1800] ok ('gemma4:e4b', 'remote_work', 'order_rto_last', 17) job=166s eta=27.9h
gemma4:e4b/remote_work/order_rto_last/s18 -> B (158.5s)
[queue 719/1800] ok ('gemma4:e4b', 'remote_work', 'order_rto_last', 18) job=166s eta=27.9h
gemma4:e4b/remote_work/order_rto_last/s19 -> B (150.8s)
[queue 720/1800] ok ('gemma4:e4b', 'remote_work', 'order_rto_last', 19) job=158s eta=27.9h
gemma4:e4b/remote_work/order_rto_last/s20 -> B (147.9s)
[queue 721/1800] ok ('gemma4:e4b', 'remote_work', 'order_rto_last', 20) job=155s eta=27.9h
gemma4:e4b/remote_work/order_rto_last/s21 -> B (141.8s)
[queue 722/1800] ok ('gemma4:e4b', 'remote_work', 'order_rto_last', 21) job=149s eta=27.9h
gemma4:e4b/remote_work/order_rto_last/s22 -> B (150.8s)
[queue 723/1800] ok ('gemma4:e4b', 'remote_work', 'order_rto_last', 22) job=158s eta=27.9h
gemma4:e4b/remote_work/order_rto_last/s23 -> B (154.9s)
[queue 724/1800] ok ('gemma4:e4b', 'remote_work', 'order_rto_last', 23) job=162s eta=27.9h
gemma4:e4b/remote_work/order_rto_last/s24 -> B (153.8s)
[queue 725/1800] ok ('gemma4:e4b', 'remote_work', 'order_rto_last', 24) job=161s eta=27.9h
gemma4:e4b/remote_work/order_rto_last/s25 -> B (148.8s)
[queue 726/1800] ok ('gemma4:e4b', 'remote_work', 'order_rto_last', 25) job=156s eta=27.9h
gemma4:e4b/remote_work/order_rto_last/s26 -> B (152.4s)
[queue 727/1800] ok ('gemma4:e4b', 'remote_work', 'order_rto_last', 26) job=160s eta=27.9h
gemma4:e4b/remote_work/order_rto_last/s27 -> B (154.6s)
[queue 728/1800] ok ('gemma4:e4b', 'remote_work', 'order_rto_last', 27) job=162s eta=27.9h
gemma4:e4b/remote_work/order_rto_last/s28 -> B (160.5s)
[queue 729/1800] ok ('gemma4:e4b', 'remote_work', 'order_rto_last', 28) job=168s eta=27.9h
gemma4:e4b/remote_work/order_rto_last/s29 -> B (157.4s)
[queue 730/1800] ok ('gemma4:e4b', 'remote_work', 'order_rto_last', 29) job=165s eta=27.9h
gemma4:e4b/remote_work/order_rto_last/s30 -> B (154.2s)
[queue 731/1800] ok ('gemma4:e4b', 'remote_work', 'order_rto_last', 30) job=162s eta=27.9h
gemma4:e4b/remote_work/order_rto_last/s31 -> B (156.0s)
[queue 732/1800] ok ('gemma4:e4b', 'remote_work', 'order_rto_last', 31) job=164s eta=27.9h
gemma4:e4b/remote_work/order_rto_last/s32 -> B (153.4s)
[queue 733/1800] ok ('gemma4:e4b', 'remote_work', 'order_rto_last', 32) job=161s eta=27.9h
gemma4:e4b/remote_work/order_rto_last/s33 -> B (154.1s)
[queue 734/1800] ok ('gemma4:e4b', 'remote_work', 'order_rto_last', 33) job=162s eta=27.9h
gemma4:e4b/remote_work/order_rto_last/s34 -> B (153.9s)
[queue 735/1800] ok ('gemma4:e4b', 'remote_work', 'order_rto_last', 34) job=162s eta=27.9h
gemma4:e4b/remote_work/order_rto_last/s35 -> B (174.5s)
[queue 736/1800] ok ('gemma4:e4b', 'remote_work', 'order_rto_last', 35) job=182s eta=27.9h
gemma4:e4b/remote_work/order_rto_last/s36 -> B (171.5s)
[queue 737/1800] ok ('gemma4:e4b', 'remote_work', 'order_rto_last', 36) job=179s eta=27.9h
gemma4:e4b/remote_work/order_rto_last/s37 -> B (157.9s)
[queue 738/1800] ok ('gemma4:e4b', 'remote_work', 'order_rto_last', 37) job=165s eta=27.9h
gemma4:e4b/remote_work/order_rto_last/s38 -> B (159.3s)
[queue 739/1800] ok ('gemma4:e4b', 'remote_work', 'order_rto_last', 38) job=167s eta=27.9h
gemma4:e4b/remote_work/order_rto_last/s39 -> B (152.3s)
[queue 740/1800] ok ('gemma4:e4b', 'remote_work', 'order_rto_last', 39) job=160s eta=27.9h
gemma4:e4b/remote_work/order_rto_last/s40 -> B (154.0s)
[queue 741/1800] ok ('gemma4:e4b', 'remote_work', 'order_rto_last', 40) job=161s eta=27.9h
gemma4:e4b/remote_work/order_rto_last/s41 -> B (150.5s)
[queue 742/1800] ok ('gemma4:e4b', 'remote_work', 'order_rto_last', 41) job=158s eta=27.9h
gemma4:e4b/remote_work/order_rto_last/s42 -> B (158.9s)
[queue 743/1800] ok ('gemma4:e4b', 'remote_work', 'order_rto_last', 42) job=167s eta=27.9h
gemma4:e4b/remote_work/order_rto_last/s43 -> B (166.0s)
[queue 744/1800] ok ('gemma4:e4b', 'remote_work', 'order_rto_last', 43) job=174s eta=27.9h
gemma4:e4b/remote_work/order_rto_last/s44 -> B (162.4s)
[queue 745/1800] ok ('gemma4:e4b', 'remote_work', 'order_rto_last', 44) job=170s eta=27.9h
gemma4:e4b/remote_work/order_rto_last/s45 -> B (155.8s)
[queue 746/1800] ok ('gemma4:e4b', 'remote_work', 'order_rto_last', 45) job=163s eta=27.9h
gemma4:e4b/remote_work/order_rto_last/s46 -> B (147.5s)
[queue 747/1800] ok ('gemma4:e4b', 'remote_work', 'order_rto_last', 46) job=155s eta=27.9h
gemma4:e4b/remote_work/order_rto_last/s47 -> B (159.0s)
[queue 748/1800] ok ('gemma4:e4b', 'remote_work', 'order_rto_last', 47) job=167s eta=27.9h
gemma4:e4b/remote_work/order_rto_last/s48 -> B (161.7s)
[queue 749/1800] ok ('gemma4:e4b', 'remote_work', 'order_rto_last', 48) job=169s eta=27.9h
gemma4:e4b/remote_work/order_rto_last/s49 -> B (160.7s)
[queue 750/1800] ok ('gemma4:e4b', 'remote_work', 'order_rto_last', 49) job=168s eta=27.9h
gemma4:e4b/remote_work/order_remote_last/s0 -> B (167.5s)
[queue 751/1800] ok ('gemma4:e4b', 'remote_work', 'order_remote_last', 0) job=175s eta=27.9h
gemma4:e4b/remote_work/order_remote_last/s1 -> B (178.3s)
[queue 752/1800] ok ('gemma4:e4b', 'remote_work', 'order_remote_last', 1) job=186s eta=27.9h
gemma4:e4b/remote_work/order_remote_last/s2 -> B (160.4s)
[queue 753/1800] ok ('gemma4:e4b', 'remote_work', 'order_remote_last', 2) job=169s eta=27.9h
gemma4:e4b/remote_work/order_remote_last/s3 -> B (172.3s)
[queue 754/1800] ok ('gemma4:e4b', 'remote_work', 'order_remote_last', 3) job=181s eta=27.9h
gemma4:e4b/remote_work/order_remote_last/s4 -> B (162.9s)
[queue 755/1800] ok ('gemma4:e4b', 'remote_work', 'order_remote_last', 4) job=171s eta=27.9h
gemma4:e4b/remote_work/order_remote_last/s5 -> B (171.5s)
[queue 756/1800] ok ('gemma4:e4b', 'remote_work', 'order_remote_last', 5) job=179s eta=27.9h
gemma4:e4b/remote_work/order_remote_last/s6 -> B (183.0s)
[queue 757/1800] ok ('gemma4:e4b', 'remote_work', 'order_remote_last', 6) job=191s eta=27.9h
gemma4:e4b/remote_work/order_remote_last/s7 -> B (167.4s)
[queue 758/1800] ok ('gemma4:e4b', 'remote_work', 'order_remote_last', 7) job=175s eta=28.0h
gemma4:e4b/remote_work/order_remote_last/s8 -> B (165.7s)
[queue 759/1800] ok ('gemma4:e4b', 'remote_work', 'order_remote_last', 8) job=173s eta=28.0h
gemma4:e4b/remote_work/order_remote_last/s9 -> B (175.9s)
[queue 760/1800] ok ('gemma4:e4b', 'remote_work', 'order_remote_last', 9) job=184s eta=28.0h
gemma4:e4b/remote_work/order_remote_last/s10 -> B (164.8s)
[queue 761/1800] ok ('gemma4:e4b', 'remote_work', 'order_remote_last', 10) job=173s eta=28.0h
gemma4:e4b/remote_work/order_remote_last/s11 -> B (172.0s)
[queue 762/1800] ok ('gemma4:e4b', 'remote_work', 'order_remote_last', 11) job=180s eta=28.0h
gemma4:e4b/remote_work/order_remote_last/s12 -> B (176.5s)
[queue 763/1800] ok ('gemma4:e4b', 'remote_work', 'order_remote_last', 12) job=185s eta=28.0h
gemma4:e4b/remote_work/order_remote_last/s13 -> B (171.9s)
[queue 764/1800] ok ('gemma4:e4b', 'remote_work', 'order_remote_last', 13) job=180s eta=28.0h
gemma4:e4b/remote_work/order_remote_last/s14 -> B (165.7s)
[queue 765/1800] ok ('gemma4:e4b', 'remote_work', 'order_remote_last', 14) job=174s eta=28.0h
gemma4:e4b/remote_work/order_remote_last/s15 -> B (166.9s)
[queue 766/1800] ok ('gemma4:e4b', 'remote_work', 'order_remote_last', 15) job=175s eta=28.0h
gemma4:e4b/remote_work/order_remote_last/s16 -> B (181.0s)
[queue 767/1800] ok ('gemma4:e4b', 'remote_work', 'order_remote_last', 16) job=189s eta=28.0h
gemma4:e4b/remote_work/order_remote_last/s17 -> B (176.5s)
[queue 768/1800] ok ('gemma4:e4b', 'remote_work', 'order_remote_last', 17) job=184s eta=28.0h
gemma4:e4b/remote_work/order_remote_last/s18 -> B (175.7s)
[queue 769/1800] ok ('gemma4:e4b', 'remote_work', 'order_remote_last', 18) job=183s eta=28.0h
gemma4:e4b/remote_work/order_remote_last/s19 -> B (187.4s)
[queue 770/1800] ok ('gemma4:e4b', 'remote_work', 'order_remote_last', 19) job=195s eta=28.0h
gemma4:e4b/remote_work/order_remote_last/s20 -> B (162.4s)
[queue 771/1800] ok ('gemma4:e4b', 'remote_work', 'order_remote_last', 20) job=170s eta=28.0h
gemma4:e4b/remote_work/order_remote_last/s21 -> B (171.3s)
[queue 772/1800] ok ('gemma4:e4b', 'remote_work', 'order_remote_last', 21) job=179s eta=28.0h
gemma4:e4b/remote_work/order_remote_last/s22 -> B (185.4s)
[queue 773/1800] ok ('gemma4:e4b', 'remote_work', 'order_remote_last', 22) job=193s eta=28.0h
gemma4:e4b/remote_work/order_remote_last/s23 -> B (182.6s)
[queue 774/1800] ok ('gemma4:e4b', 'remote_work', 'order_remote_last', 23) job=191s eta=28.0h
gemma4:e4b/remote_work/order_remote_last/s24 -> B (167.4s)
[queue 775/1800] ok ('gemma4:e4b', 'remote_work', 'order_remote_last', 24) job=175s eta=28.0h
gemma4:e4b/remote_work/order_remote_last/s25 -> B (200.2s)
[queue 776/1800] ok ('gemma4:e4b', 'remote_work', 'order_remote_last', 25) job=208s eta=28.0h
gemma4:e4b/remote_work/order_remote_last/s26 -> B (180.7s)
[queue 777/1800] ok ('gemma4:e4b', 'remote_work', 'order_remote_last', 26) job=188s eta=28.0h
gemma4:e4b/remote_work/order_remote_last/s27 -> B (180.8s)
[queue 778/1800] ok ('gemma4:e4b', 'remote_work', 'order_remote_last', 27) job=189s eta=28.0h
gemma4:e4b/remote_work/order_remote_last/s28 -> B (171.7s)
[queue 779/1800] ok ('gemma4:e4b', 'remote_work', 'order_remote_last', 28) job=180s eta=28.0h
gemma4:e4b/remote_work/order_remote_last/s29 -> B (169.6s)
[queue 780/1800] ok ('gemma4:e4b', 'remote_work', 'order_remote_last', 29) job=178s eta=28.1h
gemma4:e4b/remote_work/order_remote_last/s30 -> B (173.6s)
[queue 781/1800] ok ('gemma4:e4b', 'remote_work', 'order_remote_last', 30) job=182s eta=28.1h
gemma4:e4b/remote_work/order_remote_last/s31 -> B (172.6s)
[queue 782/1800] ok ('gemma4:e4b', 'remote_work', 'order_remote_last', 31) job=181s eta=28.1h
gemma4:e4b/remote_work/order_remote_last/s32 -> B (174.8s)
[queue 783/1800] ok ('gemma4:e4b', 'remote_work', 'order_remote_last', 32) job=183s eta=28.1h
gemma4:e4b/remote_work/order_remote_last/s33 -> B (182.5s)
[queue 784/1800] ok ('gemma4:e4b', 'remote_work', 'order_remote_last', 33) job=190s eta=28.1h
gemma4:e4b/remote_work/order_remote_last/s34 -> B (164.6s)
[queue 785/1800] ok ('gemma4:e4b', 'remote_work', 'order_remote_last', 34) job=172s eta=28.1h
gemma4:e4b/remote_work/order_remote_last/s35 -> B (165.3s)
[queue 786/1800] ok ('gemma4:e4b', 'remote_work', 'order_remote_last', 35) job=173s eta=28.1h
gemma4:e4b/remote_work/order_remote_last/s36 -> B (166.3s)
[queue 787/1800] ok ('gemma4:e4b', 'remote_work', 'order_remote_last', 36) job=175s eta=28.1h
gemma4:e4b/remote_work/order_remote_last/s37 -> B (179.6s)
[queue 788/1800] ok ('gemma4:e4b', 'remote_work', 'order_remote_last', 37) job=188s eta=28.1h
gemma4:e4b/remote_work/order_remote_last/s38 -> B (170.6s)
[queue 789/1800] ok ('gemma4:e4b', 'remote_work', 'order_remote_last', 38) job=179s eta=28.1h
gemma4:e4b/remote_work/order_remote_last/s39 -> B (161.4s)
[queue 790/1800] ok ('gemma4:e4b', 'remote_work', 'order_remote_last', 39) job=169s eta=28.1h
gemma4:e4b/remote_work/order_remote_last/s40 -> B (161.9s)
[queue 791/1800] ok ('gemma4:e4b', 'remote_work', 'order_remote_last', 40) job=170s eta=28.1h
gemma4:e4b/remote_work/order_remote_last/s41 -> B (163.9s)
[queue 792/1800] ok ('gemma4:e4b', 'remote_work', 'order_remote_last', 41) job=172s eta=28.1h
gemma4:e4b/remote_work/order_remote_last/s42 -> B (163.7s)
[queue 793/1800] ok ('gemma4:e4b', 'remote_work', 'order_remote_last', 42) job=171s eta=28.1h
gemma4:e4b/remote_work/order_remote_last/s43 -> B (167.8s)
[queue 794/1800] ok ('gemma4:e4b', 'remote_work', 'order_remote_last', 43) job=176s eta=28.1h
gemma4:e4b/remote_work/order_remote_last/s44 -> B (163.0s)
[queue 795/1800] ok ('gemma4:e4b', 'remote_work', 'order_remote_last', 44) job=171s eta=28.0h
gemma4:e4b/remote_work/order_remote_last/s45 -> B (170.2s)
[queue 796/1800] ok ('gemma4:e4b', 'remote_work', 'order_remote_last', 45) job=178s eta=28.0h
gemma4:e4b/remote_work/order_remote_last/s46 -> B (194.0s)
[queue 797/1800] ok ('gemma4:e4b', 'remote_work', 'order_remote_last', 46) job=202s eta=28.1h
gemma4:e4b/remote_work/order_remote_last/s47 -> B (160.8s)
[queue 798/1800] ok ('gemma4:e4b', 'remote_work', 'order_remote_last', 47) job=168s eta=28.0h
gemma4:e4b/remote_work/order_remote_last/s48 -> B (160.2s)
[queue 799/1800] ok ('gemma4:e4b', 'remote_work', 'order_remote_last', 48) job=168s eta=28.0h
gemma4:e4b/remote_work/order_remote_last/s49 -> B (170.5s)
[queue 800/1800] ok ('gemma4:e4b', 'remote_work', 'order_remote_last', 49) job=178s eta=28.0h
llama3.2:3b/ai_regulation/no_feed/s0 -> C (6.7s)
[queue 801/1800] ok ('llama3.2:3b', 'ai_regulation', 'no_feed', 0) job=14s eta=28.0h
llama3.2:3b/ai_regulation/no_feed/s1 -> C (0.8s)
[queue 802/1800] ok ('llama3.2:3b', 'ai_regulation', 'no_feed', 1) job=7s eta=27.9h
llama3.2:3b/ai_regulation/no_feed/s2 -> C (1.0s)
[queue 803/1800] ok ('llama3.2:3b', 'ai_regulation', 'no_feed', 2) job=8s eta=27.9h
llama3.2:3b/ai_regulation/no_feed/s3 -> C (0.8s)
[queue 804/1800] ok ('llama3.2:3b', 'ai_regulation', 'no_feed', 3) job=8s eta=27.8h
llama3.2:3b/ai_regulation/no_feed/s4 -> C (0.8s)
[queue 805/1800] ok ('llama3.2:3b', 'ai_regulation', 'no_feed', 4) job=8s eta=27.7h
llama3.2:3b/ai_regulation/no_feed/s5 -> C (0.9s)
[queue 806/1800] ok ('llama3.2:3b', 'ai_regulation', 'no_feed', 5) job=8s eta=27.7h
llama3.2:3b/ai_regulation/no_feed/s6 -> C (0.7s)
[queue 807/1800] ok ('llama3.2:3b', 'ai_regulation', 'no_feed', 6) job=8s eta=27.6h
llama3.2:3b/ai_regulation/no_feed/s7 -> C (0.7s)
[queue 808/1800] ok ('llama3.2:3b', 'ai_regulation', 'no_feed', 7) job=8s eta=27.6h
llama3.2:3b/ai_regulation/no_feed/s8 -> C (2.0s)
[queue 809/1800] ok ('llama3.2:3b', 'ai_regulation', 'no_feed', 8) job=10s eta=27.5h
llama3.2:3b/ai_regulation/no_feed/s9 -> C (1.2s)
[queue 810/1800] ok ('llama3.2:3b', 'ai_regulation', 'no_feed', 9) job=7s eta=27.4h
llama3.2:3b/ai_regulation/no_feed/s10 -> C (0.9s)
[queue 811/1800] ok ('llama3.2:3b', 'ai_regulation', 'no_feed', 10) job=8s eta=27.4h
llama3.2:3b/ai_regulation/no_feed/s11 -> C (1.0s)
[queue 812/1800] ok ('llama3.2:3b', 'ai_regulation', 'no_feed', 11) job=8s eta=27.3h
llama3.2:3b/ai_regulation/no_feed/s12 -> C (0.7s)
[queue 813/1800] ok ('llama3.2:3b', 'ai_regulation', 'no_feed', 12) job=8s eta=27.3h
llama3.2:3b/ai_regulation/no_feed/s13 -> C (0.7s)
[queue 814/1800] ok ('llama3.2:3b', 'ai_regulation', 'no_feed', 13) job=7s eta=27.2h
llama3.2:3b/ai_regulation/no_feed/s14 -> C (0.8s)
[queue 815/1800] ok ('llama3.2:3b', 'ai_regulation', 'no_feed', 14) job=8s eta=27.2h
llama3.2:3b/ai_regulation/no_feed/s15 -> C (1.0s)
[queue 816/1800] ok ('llama3.2:3b', 'ai_regulation', 'no_feed', 15) job=8s eta=27.1h
llama3.2:3b/ai_regulation/no_feed/s16 -> C (0.9s)
[queue 817/1800] ok ('llama3.2:3b', 'ai_regulation', 'no_feed', 16) job=8s eta=27.0h
llama3.2:3b/ai_regulation/no_feed/s17 -> C (1.1s)
[queue 818/1800] ok ('llama3.2:3b', 'ai_regulation', 'no_feed', 17) job=8s eta=27.0h
llama3.2:3b/ai_regulation/no_feed/s18 -> C (1.0s)
[queue 819/1800] ok ('llama3.2:3b', 'ai_regulation', 'no_feed', 18) job=8s eta=26.9h
llama3.2:3b/ai_regulation/no_feed/s19 -> C (1.0s)
[queue 820/1800] ok ('llama3.2:3b', 'ai_regulation', 'no_feed', 19) job=8s eta=26.9h
llama3.2:3b/ai_regulation/no_feed/s20 -> C (2.8s)
[queue 821/1800] ok ('llama3.2:3b', 'ai_regulation', 'no_feed', 20) job=10s eta=26.8h
llama3.2:3b/ai_regulation/no_feed/s21 -> C (0.8s)
[queue 822/1800] ok ('llama3.2:3b', 'ai_regulation', 'no_feed', 21) job=7s eta=26.8h
llama3.2:3b/ai_regulation/no_feed/s22 -> C (1.0s)
[queue 823/1800] ok ('llama3.2:3b', 'ai_regulation', 'no_feed', 22) job=8s eta=26.7h
llama3.2:3b/ai_regulation/no_feed/s23 -> C (0.8s)
[queue 824/1800] ok ('llama3.2:3b', 'ai_regulation', 'no_feed', 23) job=8s eta=26.6h
llama3.2:3b/ai_regulation/no_feed/s24 -> C (1.0s)
[queue 825/1800] ok ('llama3.2:3b', 'ai_regulation', 'no_feed', 24) job=8s eta=26.6h
llama3.2:3b/ai_regulation/no_feed/s25 -> C (0.8s)
[queue 826/1800] ok ('llama3.2:3b', 'ai_regulation', 'no_feed', 25) job=8s eta=26.5h
llama3.2:3b/ai_regulation/no_feed/s26 -> C (1.1s)
[queue 827/1800] ok ('llama3.2:3b', 'ai_regulation', 'no_feed', 26) job=8s eta=26.5h
llama3.2:3b/ai_regulation/no_feed/s27 -> C (1.1s)
[queue 828/1800] ok ('llama3.2:3b', 'ai_regulation', 'no_feed', 27) job=8s eta=26.4h
llama3.2:3b/ai_regulation/no_feed/s28 -> C (0.9s)
[queue 829/1800] ok ('llama3.2:3b', 'ai_regulation', 'no_feed', 28) job=8s eta=26.4h
llama3.2:3b/ai_regulation/no_feed/s29 -> C (1.0s)
[queue 830/1800] ok ('llama3.2:3b', 'ai_regulation', 'no_feed', 29) job=8s eta=26.3h
llama3.2:3b/ai_regulation/no_feed/s30 -> C (0.7s)
[queue 831/1800] ok ('llama3.2:3b', 'ai_regulation', 'no_feed', 30) job=8s eta=26.2h
llama3.2:3b/ai_regulation/no_feed/s31 -> C (0.9s)
[queue 832/1800] ok ('llama3.2:3b', 'ai_regulation', 'no_feed', 31) job=8s eta=26.2h
llama3.2:3b/ai_regulation/no_feed/s32 -> C (1.0s)
[queue 833/1800] ok ('llama3.2:3b', 'ai_regulation', 'no_feed', 32) job=8s eta=26.1h
llama3.2:3b/ai_regulation/no_feed/s33 -> C (0.9s)
[queue 834/1800] ok ('llama3.2:3b', 'ai_regulation', 'no_feed', 33) job=8s eta=26.1h
llama3.2:3b/ai_regulation/no_feed/s34 -> C (0.8s)
[queue 835/1800] ok ('llama3.2:3b', 'ai_regulation', 'no_feed', 34) job=8s eta=26.0h
llama3.2:3b/ai_regulation/no_feed/s35 -> C (0.8s)
[queue 836/1800] ok ('llama3.2:3b', 'ai_regulation', 'no_feed', 35) job=8s eta=26.0h
llama3.2:3b/ai_regulation/no_feed/s36 -> C (0.9s)
[queue 837/1800] ok ('llama3.2:3b', 'ai_regulation', 'no_feed', 36) job=8s eta=25.9h
llama3.2:3b/ai_regulation/no_feed/s37 -> C (1.0s)
[queue 838/1800] ok ('llama3.2:3b', 'ai_regulation', 'no_feed', 37) job=8s eta=25.9h
llama3.2:3b/ai_regulation/no_feed/s38 -> C (0.9s)
[queue 839/1800] ok ('llama3.2:3b', 'ai_regulation', 'no_feed', 38) job=8s eta=25.8h
llama3.2:3b/ai_regulation/no_feed/s39 -> C (0.7s)
[queue 840/1800] ok ('llama3.2:3b', 'ai_regulation', 'no_feed', 39) job=8s eta=25.7h
llama3.2:3b/ai_regulation/no_feed/s40 -> C (2.4s)
[queue 841/1800] ok ('llama3.2:3b', 'ai_regulation', 'no_feed', 40) job=10s eta=25.7h
llama3.2:3b/ai_regulation/no_feed/s41 -> C (0.8s)
[queue 842/1800] ok ('llama3.2:3b', 'ai_regulation', 'no_feed', 41) job=7s eta=25.6h
llama3.2:3b/ai_regulation/no_feed/s42 -> C (1.2s)
[queue 843/1800] ok ('llama3.2:3b', 'ai_regulation', 'no_feed', 42) job=8s eta=25.6h
llama3.2:3b/ai_regulation/no_feed/s43 -> C (0.9s)
[queue 844/1800] ok ('llama3.2:3b', 'ai_regulation', 'no_feed', 43) job=8s eta=25.5h
llama3.2:3b/ai_regulation/no_feed/s44 -> C (2.0s)
[queue 845/1800] ok ('llama3.2:3b', 'ai_regulation', 'no_feed', 44) job=10s eta=25.5h
llama3.2:3b/ai_regulation/no_feed/s45 -> C (0.9s)
[queue 846/1800] ok ('llama3.2:3b', 'ai_regulation', 'no_feed', 45) job=7s eta=25.4h
llama3.2:3b/ai_regulation/no_feed/s46 -> C (2.5s)
[queue 847/1800] ok ('llama3.2:3b', 'ai_regulation', 'no_feed', 46) job=10s eta=25.4h
llama3.2:3b/ai_regulation/no_feed/s47 -> C (0.7s)
[queue 848/1800] ok ('llama3.2:3b', 'ai_regulation', 'no_feed', 47) job=7s eta=25.3h
llama3.2:3b/ai_regulation/no_feed/s48 -> C (1.4s)
[queue 849/1800] ok ('llama3.2:3b', 'ai_regulation', 'no_feed', 48) job=8s eta=25.3h
llama3.2:3b/ai_regulation/no_feed/s49 -> C (0.7s)
[queue 850/1800] ok ('llama3.2:3b', 'ai_regulation', 'no_feed', 49) job=7s eta=25.2h
llama3.2:3b/ubi/no_feed/s0 -> B (1.6s)
[queue 851/1800] ok ('llama3.2:3b', 'ubi', 'no_feed', 0) job=9s eta=25.1h
llama3.2:3b/ubi/no_feed/s1 -> B (1.1s)
[queue 852/1800] ok ('llama3.2:3b', 'ubi', 'no_feed', 1) job=8s eta=25.1h
llama3.2:3b/ubi/no_feed/s2 -> B (2.5s)
[queue 853/1800] ok ('llama3.2:3b', 'ubi', 'no_feed', 2) job=10s eta=25.0h
llama3.2:3b/ubi/no_feed/s3 -> B (1.2s)
[queue 854/1800] ok ('llama3.2:3b', 'ubi', 'no_feed', 3) job=7s eta=25.0h
llama3.2:3b/ubi/no_feed/s4 -> B (0.9s)
[queue 855/1800] ok ('llama3.2:3b', 'ubi', 'no_feed', 4) job=8s eta=24.9h
llama3.2:3b/ubi/no_feed/s5 -> B (3.4s)
[queue 856/1800] ok ('llama3.2:3b', 'ubi', 'no_feed', 5) job=11s eta=24.9h
llama3.2:3b/ubi/no_feed/s6 -> B (2.6s)
[queue 857/1800] ok ('llama3.2:3b', 'ubi', 'no_feed', 6) job=9s eta=24.8h
llama3.2:3b/ubi/no_feed/s7 -> B (0.9s)
[queue 858/1800] ok ('llama3.2:3b', 'ubi', 'no_feed', 7) job=7s eta=24.8h
llama3.2:3b/ubi/no_feed/s8 -> B (1.1s)
[queue 859/1800] ok ('llama3.2:3b', 'ubi', 'no_feed', 8) job=8s eta=24.7h
llama3.2:3b/ubi/no_feed/s9 -> B (1.0s)
[queue 860/1800] ok ('llama3.2:3b', 'ubi', 'no_feed', 9) job=8s eta=24.7h
llama3.2:3b/ubi/no_feed/s10 -> B (0.9s)
[queue 861/1800] ok ('llama3.2:3b', 'ubi', 'no_feed', 10) job=8s eta=24.6h
llama3.2:3b/ubi/no_feed/s11 -> B (1.0s)
[queue 862/1800] ok ('llama3.2:3b', 'ubi', 'no_feed', 11) job=8s eta=24.6h
llama3.2:3b/ubi/no_feed/s12 -> B (1.1s)
[queue 863/1800] ok ('llama3.2:3b', 'ubi', 'no_feed', 12) job=8s eta=24.5h
llama3.2:3b/ubi/no_feed/s13 -> B (1.1s)
[queue 864/1800] ok ('llama3.2:3b', 'ubi', 'no_feed', 13) job=8s eta=24.5h
llama3.2:3b/ubi/no_feed/s14 -> B (1.1s)
[queue 865/1800] ok ('llama3.2:3b', 'ubi', 'no_feed', 14) job=8s eta=24.4h
llama3.2:3b/ubi/no_feed/s15 -> B (2.5s)
[queue 866/1800] ok ('llama3.2:3b', 'ubi', 'no_feed', 15) job=10s eta=24.4h
llama3.2:3b/ubi/no_feed/s16 -> B (2.4s)
[queue 867/1800] ok ('llama3.2:3b', 'ubi', 'no_feed', 16) job=9s eta=24.3h
llama3.2:3b/ubi/no_feed/s17 -> B (1.1s)
[queue 868/1800] ok ('llama3.2:3b', 'ubi', 'no_feed', 17) job=7s eta=24.3h
llama3.2:3b/ubi/no_feed/s18 -> B (0.9s)
[queue 869/1800] ok ('llama3.2:3b', 'ubi', 'no_feed', 18) job=8s eta=24.2h
llama3.2:3b/ubi/no_feed/s19 -> B (2.4s)
[queue 870/1800] ok ('llama3.2:3b', 'ubi', 'no_feed', 19) job=10s eta=24.2h
llama3.2:3b/ubi/no_feed/s20 -> B (0.9s)
[queue 871/1800] ok ('llama3.2:3b', 'ubi', 'no_feed', 20) job=7s eta=24.1h
llama3.2:3b/ubi/no_feed/s21 -> B (1.0s)
[queue 872/1800] ok ('llama3.2:3b', 'ubi', 'no_feed', 21) job=8s eta=24.1h
llama3.2:3b/ubi/no_feed/s22 -> B (1.0s)
[queue 873/1800] ok ('llama3.2:3b', 'ubi', 'no_feed', 22) job=8s eta=24.0h
llama3.2:3b/ubi/no_feed/s23 -> B (2.6s)
[queue 874/1800] ok ('llama3.2:3b', 'ubi', 'no_feed', 23) job=10s eta=23.9h
llama3.2:3b/ubi/no_feed/s24 -> B (3.3s)
[queue 875/1800] ok ('llama3.2:3b', 'ubi', 'no_feed', 24) job=10s eta=23.9h
llama3.2:3b/ubi/no_feed/s25 -> B (1.0s)
[queue 876/1800] ok ('llama3.2:3b', 'ubi', 'no_feed', 25) job=7s eta=23.8h
llama3.2:3b/ubi/no_feed/s26 -> B (1.6s)
[queue 877/1800] ok ('llama3.2:3b', 'ubi', 'no_feed', 26) job=9s eta=23.8h
llama3.2:3b/ubi/no_feed/s27 -> B (3.4s)
[queue 878/1800] ok ('llama3.2:3b', 'ubi', 'no_feed', 27) job=10s eta=23.7h
llama3.2:3b/ubi/no_feed/s28 -> B (1.1s)
[queue 879/1800] ok ('llama3.2:3b', 'ubi', 'no_feed', 28) job=7s eta=23.7h
llama3.2:3b/ubi/no_feed/s29 -> B (1.9s)
[queue 880/1800] ok ('llama3.2:3b', 'ubi', 'no_feed', 29) job=10s eta=23.6h
llama3.2:3b/ubi/no_feed/s30 -> B (1.0s)
[queue 881/1800] ok ('llama3.2:3b', 'ubi', 'no_feed', 30) job=7s eta=23.6h
llama3.2:3b/ubi/no_feed/s31 -> B (1.1s)
[queue 882/1800] ok ('llama3.2:3b', 'ubi', 'no_feed', 31) job=8s eta=23.5h
llama3.2:3b/ubi/no_feed/s32 -> B (1.1s)
[queue 883/1800] ok ('llama3.2:3b', 'ubi', 'no_feed', 32) job=8s eta=23.5h
llama3.2:3b/ubi/no_feed/s33 -> B (0.9s)
[queue 884/1800] ok ('llama3.2:3b', 'ubi', 'no_feed', 33) job=8s eta=23.4h
llama3.2:3b/ubi/no_feed/s34 -> B (0.9s)
[queue 885/1800] ok ('llama3.2:3b', 'ubi', 'no_feed', 34) job=8s eta=23.4h
llama3.2:3b/ubi/no_feed/s35 -> B (3.5s)
[queue 886/1800] ok ('llama3.2:3b', 'ubi', 'no_feed', 35) job=11s eta=23.3h
llama3.2:3b/ubi/no_feed/s36 -> B (1.8s)
[queue 887/1800] ok ('llama3.2:3b', 'ubi', 'no_feed', 36) job=8s eta=23.3h
llama3.2:3b/ubi/no_feed/s37 -> B (1.0s)
[queue 888/1800] ok ('llama3.2:3b', 'ubi', 'no_feed', 37) job=7s eta=23.2h
llama3.2:3b/ubi/no_feed/s38 -> B (2.2s)
[queue 889/1800] ok ('llama3.2:3b', 'ubi', 'no_feed', 38) job=10s eta=23.2h
llama3.2:3b/ubi/no_feed/s39 -> B (2.5s)
[queue 890/1800] ok ('llama3.2:3b', 'ubi', 'no_feed', 39) job=9s eta=23.2h
llama3.2:3b/ubi/no_feed/s40 -> B (2.4s)
[queue 891/1800] ok ('llama3.2:3b', 'ubi', 'no_feed', 40) job=9s eta=23.1h
llama3.2:3b/ubi/no_feed/s41 -> B (1.5s)
[queue 892/1800] ok ('llama3.2:3b', 'ubi', 'no_feed', 41) job=8s eta=23.1h
llama3.2:3b/ubi/no_feed/s42 -> B (2.9s)
[queue 893/1800] ok ('llama3.2:3b', 'ubi', 'no_feed', 42) job=10s eta=23.0h
llama3.2:3b/ubi/no_feed/s43 -> B (3.7s)
[queue 894/1800] ok ('llama3.2:3b', 'ubi', 'no_feed', 43) job=10s eta=23.0h
llama3.2:3b/ubi/no_feed/s44 -> B (1.3s)
[queue 895/1800] ok ('llama3.2:3b', 'ubi', 'no_feed', 44) job=7s eta=22.9h
llama3.2:3b/ubi/no_feed/s45 -> B (1.2s)
[queue 896/1800] ok ('llama3.2:3b', 'ubi', 'no_feed', 45) job=8s eta=22.9h
llama3.2:3b/ubi/no_feed/s46 -> B (1.1s)
[queue 897/1800] ok ('llama3.2:3b', 'ubi', 'no_feed', 46) job=8s eta=22.8h
llama3.2:3b/ubi/no_feed/s47 -> B (1.2s)
[queue 898/1800] ok ('llama3.2:3b', 'ubi', 'no_feed', 47) job=8s eta=22.8h
llama3.2:3b/ubi/no_feed/s48 -> B (1.6s)
[queue 899/1800] ok ('llama3.2:3b', 'ubi', 'no_feed', 48) job=9s eta=22.7h
llama3.2:3b/ubi/no_feed/s49 -> B (1.0s)
[queue 900/1800] ok ('llama3.2:3b', 'ubi', 'no_feed', 49) job=8s eta=22.7h
llama3.2:3b/deploy_security/no_feed/s0 -> B (3.4s)
[queue 901/1800] ok ('llama3.2:3b', 'deploy_security', 'no_feed', 0) job=11s eta=22.6h
llama3.2:3b/deploy_security/no_feed/s1 -> B (0.9s)
[queue 902/1800] ok ('llama3.2:3b', 'deploy_security', 'no_feed', 1) job=7s eta=22.6h
llama3.2:3b/deploy_security/no_feed/s2 -> B (0.6s)
[queue 903/1800] ok ('llama3.2:3b', 'deploy_security', 'no_feed', 2) job=7s eta=22.5h
llama3.2:3b/deploy_security/no_feed/s3 -> B (1.0s)
[queue 904/1800] ok ('llama3.2:3b', 'deploy_security', 'no_feed', 3) job=8s eta=22.5h
llama3.2:3b/deploy_security/no_feed/s4 -> B (1.2s)
[queue 905/1800] ok ('llama3.2:3b', 'deploy_security', 'no_feed', 4) job=8s eta=22.4h
llama3.2:3b/deploy_security/no_feed/s5 -> C (1.1s)
[queue 906/1800] ok ('llama3.2:3b', 'deploy_security', 'no_feed', 5) job=8s eta=22.4h
llama3.2:3b/deploy_security/no_feed/s6 -> B (0.8s)
[queue 907/1800] ok ('llama3.2:3b', 'deploy_security', 'no_feed', 6) job=8s eta=22.3h
llama3.2:3b/deploy_security/no_feed/s7 -> B (0.8s)
[queue 908/1800] ok ('llama3.2:3b', 'deploy_security', 'no_feed', 7) job=8s eta=22.3h
llama3.2:3b/deploy_security/no_feed/s8 -> B (0.7s)
[queue 909/1800] ok ('llama3.2:3b', 'deploy_security', 'no_feed', 8) job=8s eta=22.2h
llama3.2:3b/deploy_security/no_feed/s9 -> B (1.1s)
[queue 910/1800] ok ('llama3.2:3b', 'deploy_security', 'no_feed', 9) job=8s eta=22.2h
llama3.2:3b/deploy_security/no_feed/s10 -> B (1.0s)
[queue 911/1800] ok ('llama3.2:3b', 'deploy_security', 'no_feed', 10) job=8s eta=22.1h
llama3.2:3b/deploy_security/no_feed/s11 -> B (0.7s)
[queue 912/1800] ok ('llama3.2:3b', 'deploy_security', 'no_feed', 11) job=8s eta=22.1h
llama3.2:3b/deploy_security/no_feed/s12 -> B (0.9s)
[queue 913/1800] ok ('llama3.2:3b', 'deploy_security', 'no_feed', 12) job=8s eta=22.0h
llama3.2:3b/deploy_security/no_feed/s13 -> C (0.8s)
[queue 914/1800] ok ('llama3.2:3b', 'deploy_security', 'no_feed', 13) job=8s eta=22.0h
llama3.2:3b/deploy_security/no_feed/s14 -> B (0.8s)
[queue 915/1800] ok ('llama3.2:3b', 'deploy_security', 'no_feed', 14) job=8s eta=22.0h
llama3.2:3b/deploy_security/no_feed/s15 -> B (1.0s)
[queue 916/1800] ok ('llama3.2:3b', 'deploy_security', 'no_feed', 15) job=8s eta=21.9h
llama3.2:3b/deploy_security/no_feed/s16 -> B (0.8s)
[queue 917/1800] ok ('llama3.2:3b', 'deploy_security', 'no_feed', 16) job=8s eta=21.9h
llama3.2:3b/deploy_security/no_feed/s17 -> B (0.9s)
[queue 918/1800] ok ('llama3.2:3b', 'deploy_security', 'no_feed', 17) job=8s eta=21.8h
llama3.2:3b/deploy_security/no_feed/s18 -> B (0.8s)
[queue 919/1800] ok ('llama3.2:3b', 'deploy_security', 'no_feed', 18) job=8s eta=21.8h
llama3.2:3b/deploy_security/no_feed/s19 -> B (0.9s)
[queue 920/1800] ok ('llama3.2:3b', 'deploy_security', 'no_feed', 19) job=8s eta=21.7h
llama3.2:3b/deploy_security/no_feed/s20 -> C (0.8s)
[queue 921/1800] ok ('llama3.2:3b', 'deploy_security', 'no_feed', 20) job=8s eta=21.7h
llama3.2:3b/deploy_security/no_feed/s21 -> B (1.8s)
[queue 922/1800] ok ('llama3.2:3b', 'deploy_security', 'no_feed', 21) job=9s eta=21.6h
llama3.2:3b/deploy_security/no_feed/s22 -> B (1.1s)
[queue 923/1800] ok ('llama3.2:3b', 'deploy_security', 'no_feed', 22) job=7s eta=21.6h
llama3.2:3b/deploy_security/no_feed/s23 -> B (2.1s)
[queue 924/1800] ok ('llama3.2:3b', 'deploy_security', 'no_feed', 23) job=10s eta=21.5h
llama3.2:3b/deploy_security/no_feed/s24 -> B (1.9s)
[queue 925/1800] ok ('llama3.2:3b', 'deploy_security', 'no_feed', 24) job=9s eta=21.5h
llama3.2:3b/deploy_security/no_feed/s25 -> B (0.9s)
[queue 926/1800] ok ('llama3.2:3b', 'deploy_security', 'no_feed', 25) job=7s eta=21.4h
llama3.2:3b/deploy_security/no_feed/s26 -> B (0.7s)
[queue 927/1800] ok ('llama3.2:3b', 'deploy_security', 'no_feed', 26) job=8s eta=21.4h
llama3.2:3b/deploy_security/no_feed/s27 -> B (0.9s)
[queue 928/1800] ok ('llama3.2:3b', 'deploy_security', 'no_feed', 27) job=8s eta=21.4h
llama3.2:3b/deploy_security/no_feed/s28 -> B (0.7s)
[queue 929/1800] ok ('llama3.2:3b', 'deploy_security', 'no_feed', 28) job=7s eta=21.3h
llama3.2:3b/deploy_security/no_feed/s29 -> B (0.8s)
[queue 930/1800] ok ('llama3.2:3b', 'deploy_security', 'no_feed', 29) job=7s eta=21.3h
llama3.2:3b/deploy_security/no_feed/s30 -> B (0.7s)
[queue 931/1800] ok ('llama3.2:3b', 'deploy_security', 'no_feed', 30) job=7s eta=21.2h
llama3.2:3b/deploy_security/no_feed/s31 -> C (0.6s)
[queue 932/1800] ok ('llama3.2:3b', 'deploy_security', 'no_feed', 31) job=7s eta=21.2h
llama3.2:3b/deploy_security/no_feed/s32 -> B (0.8s)
[queue 933/1800] ok ('llama3.2:3b', 'deploy_security', 'no_feed', 32) job=7s eta=21.1h
llama3.2:3b/deploy_security/no_feed/s33 -> C (1.0s)
[queue 934/1800] ok ('llama3.2:3b', 'deploy_security', 'no_feed', 33) job=8s eta=21.1h
llama3.2:3b/deploy_security/no_feed/s34 -> B (0.8s)
[queue 935/1800] ok ('llama3.2:3b', 'deploy_security', 'no_feed', 34) job=8s eta=21.0h
llama3.2:3b/deploy_security/no_feed/s35 -> B (0.8s)
[queue 936/1800] ok ('llama3.2:3b', 'deploy_security', 'no_feed', 35) job=8s eta=21.0h
llama3.2:3b/deploy_security/no_feed/s36 -> B (0.7s)
[queue 937/1800] ok ('llama3.2:3b', 'deploy_security', 'no_feed', 36) job=8s eta=20.9h
llama3.2:3b/deploy_security/no_feed/s37 -> B (0.8s)
[queue 938/1800] ok ('llama3.2:3b', 'deploy_security', 'no_feed', 37) job=8s eta=20.9h
llama3.2:3b/deploy_security/no_feed/s38 -> B (2.5s)
[queue 939/1800] ok ('llama3.2:3b', 'deploy_security', 'no_feed', 38) job=10s eta=20.9h
llama3.2:3b/deploy_security/no_feed/s39 -> B (3.2s)
[queue 940/1800] ok ('llama3.2:3b', 'deploy_security', 'no_feed', 39) job=10s eta=20.8h
llama3.2:3b/deploy_security/no_feed/s40 -> B (1.7s)
[queue 941/1800] ok ('llama3.2:3b', 'deploy_security', 'no_feed', 40) job=8s eta=20.8h
llama3.2:3b/deploy_security/no_feed/s41 -> B (1.1s)
[queue 942/1800] ok ('llama3.2:3b', 'deploy_security', 'no_feed', 41) job=7s eta=20.7h
llama3.2:3b/deploy_security/no_feed/s42 -> B (1.1s)
[queue 943/1800] ok ('llama3.2:3b', 'deploy_security', 'no_feed', 42) job=8s eta=20.7h
llama3.2:3b/deploy_security/no_feed/s43 -> B (0.9s)
[queue 944/1800] ok ('llama3.2:3b', 'deploy_security', 'no_feed', 43) job=8s eta=20.6h
llama3.2:3b/deploy_security/no_feed/s44 -> C (0.9s)
[queue 945/1800] ok ('llama3.2:3b', 'deploy_security', 'no_feed', 44) job=8s eta=20.6h
llama3.2:3b/deploy_security/no_feed/s45 -> B (0.7s)
[queue 946/1800] ok ('llama3.2:3b', 'deploy_security', 'no_feed', 45) job=8s eta=20.6h
llama3.2:3b/deploy_security/no_feed/s46 -> B (0.8s)
[queue 947/1800] ok ('llama3.2:3b', 'deploy_security', 'no_feed', 46) job=8s eta=20.5h
llama3.2:3b/deploy_security/no_feed/s47 -> B (0.8s)
[queue 948/1800] ok ('llama3.2:3b', 'deploy_security', 'no_feed', 47) job=8s eta=20.5h
llama3.2:3b/deploy_security/no_feed/s48 -> C (0.8s)
[queue 949/1800] ok ('llama3.2:3b', 'deploy_security', 'no_feed', 48) job=8s eta=20.4h
llama3.2:3b/deploy_security/no_feed/s49 -> B (2.6s)
[queue 950/1800] ok ('llama3.2:3b', 'deploy_security', 'no_feed', 49) job=10s eta=20.4h
llama3.2:3b/vendor_security/no_feed/s0 -> B (2.8s)
[queue 951/1800] ok ('llama3.2:3b', 'vendor_security', 'no_feed', 0) job=9s eta=20.3h
llama3.2:3b/vendor_security/no_feed/s1 -> B (1.1s)
[queue 952/1800] ok ('llama3.2:3b', 'vendor_security', 'no_feed', 1) job=7s eta=20.3h
llama3.2:3b/vendor_security/no_feed/s2 -> B (0.8s)
[queue 953/1800] ok ('llama3.2:3b', 'vendor_security', 'no_feed', 2) job=8s eta=20.2h
llama3.2:3b/vendor_security/no_feed/s3 -> B (0.8s)
[queue 954/1800] ok ('llama3.2:3b', 'vendor_security', 'no_feed', 3) job=8s eta=20.2h
llama3.2:3b/vendor_security/no_feed/s4 -> B (1.0s)
[queue 955/1800] ok ('llama3.2:3b', 'vendor_security', 'no_feed', 4) job=8s eta=20.2h
llama3.2:3b/vendor_security/no_feed/s5 -> B (0.9s)
[queue 956/1800] ok ('llama3.2:3b', 'vendor_security', 'no_feed', 5) job=8s eta=20.1h
llama3.2:3b/vendor_security/no_feed/s6 -> B (0.9s)
[queue 957/1800] ok ('llama3.2:3b', 'vendor_security', 'no_feed', 6) job=8s eta=20.1h
llama3.2:3b/vendor_security/no_feed/s7 -> B (0.8s)
[queue 958/1800] ok ('llama3.2:3b', 'vendor_security', 'no_feed', 7) job=8s eta=20.0h
llama3.2:3b/vendor_security/no_feed/s8 -> B (0.9s)
[queue 959/1800] ok ('llama3.2:3b', 'vendor_security', 'no_feed', 8) job=8s eta=20.0h
llama3.2:3b/vendor_security/no_feed/s9 -> B (1.0s)
[queue 960/1800] ok ('llama3.2:3b', 'vendor_security', 'no_feed', 9) job=8s eta=19.9h
llama3.2:3b/vendor_security/no_feed/s10 -> B (0.9s)
[queue 961/1800] ok ('llama3.2:3b', 'vendor_security', 'no_feed', 10) job=8s eta=19.9h
llama3.2:3b/vendor_security/no_feed/s11 -> B (1.1s)
[queue 962/1800] ok ('llama3.2:3b', 'vendor_security', 'no_feed', 11) job=8s eta=19.9h
llama3.2:3b/vendor_security/no_feed/s12 -> B (1.0s)
[queue 963/1800] ok ('llama3.2:3b', 'vendor_security', 'no_feed', 12) job=8s eta=19.8h
llama3.2:3b/vendor_security/no_feed/s13 -> B (0.7s)
[queue 964/1800] ok ('llama3.2:3b', 'vendor_security', 'no_feed', 13) job=8s eta=19.8h
llama3.2:3b/vendor_security/no_feed/s14 -> B (0.9s)
[queue 965/1800] ok ('llama3.2:3b', 'vendor_security', 'no_feed', 14) job=8s eta=19.7h
llama3.2:3b/vendor_security/no_feed/s15 -> B (0.9s)
[queue 966/1800] ok ('llama3.2:3b', 'vendor_security', 'no_feed', 15) job=8s eta=19.7h
llama3.2:3b/vendor_security/no_feed/s16 -> B (0.8s)
[queue 967/1800] ok ('llama3.2:3b', 'vendor_security', 'no_feed', 16) job=8s eta=19.7h
llama3.2:3b/vendor_security/no_feed/s17 -> B (0.8s)
[queue 968/1800] ok ('llama3.2:3b', 'vendor_security', 'no_feed', 17) job=8s eta=19.6h
llama3.2:3b/vendor_security/no_feed/s18 -> B (1.1s)
[queue 969/1800] ok ('llama3.2:3b', 'vendor_security', 'no_feed', 18) job=8s eta=19.6h
llama3.2:3b/vendor_security/no_feed/s19 -> B (1.1s)
[queue 970/1800] ok ('llama3.2:3b', 'vendor_security', 'no_feed', 19) job=8s eta=19.5h
llama3.2:3b/vendor_security/no_feed/s20 -> B (1.3s)
[queue 971/1800] ok ('llama3.2:3b', 'vendor_security', 'no_feed', 20) job=8s eta=19.5h
llama3.2:3b/vendor_security/no_feed/s21 -> B (0.8s)
[queue 972/1800] ok ('llama3.2:3b', 'vendor_security', 'no_feed', 21) job=8s eta=19.4h
llama3.2:3b/vendor_security/no_feed/s22 -> B (1.0s)
[queue 973/1800] ok ('llama3.2:3b', 'vendor_security', 'no_feed', 22) job=8s eta=19.4h
llama3.2:3b/vendor_security/no_feed/s23 -> B (1.0s)
[queue 974/1800] ok ('llama3.2:3b', 'vendor_security', 'no_feed', 23) job=8s eta=19.4h
llama3.2:3b/vendor_security/no_feed/s24 -> B (1.0s)
[queue 975/1800] ok ('llama3.2:3b', 'vendor_security', 'no_feed', 24) job=8s eta=19.3h
llama3.2:3b/vendor_security/no_feed/s25 -> B (0.9s)
[queue 976/1800] ok ('llama3.2:3b', 'vendor_security', 'no_feed', 25) job=8s eta=19.3h
llama3.2:3b/vendor_security/no_feed/s26 -> B (0.7s)
[queue 977/1800] ok ('llama3.2:3b', 'vendor_security', 'no_feed', 26) job=8s eta=19.2h
llama3.2:3b/vendor_security/no_feed/s27 -> B (1.0s)
[queue 978/1800] ok ('llama3.2:3b', 'vendor_security', 'no_feed', 27) job=8s eta=19.2h
llama3.2:3b/vendor_security/no_feed/s28 -> B (1.0s)
[queue 979/1800] ok ('llama3.2:3b', 'vendor_security', 'no_feed', 28) job=8s eta=19.2h
llama3.2:3b/vendor_security/no_feed/s29 -> B (0.9s)
[queue 980/1800] ok ('llama3.2:3b', 'vendor_security', 'no_feed', 29) job=8s eta=19.1h
llama3.2:3b/vendor_security/no_feed/s30 -> B (1.1s)
[queue 981/1800] ok ('llama3.2:3b', 'vendor_security', 'no_feed', 30) job=8s eta=19.1h
llama3.2:3b/vendor_security/no_feed/s31 -> B (0.8s)
[queue 982/1800] ok ('llama3.2:3b', 'vendor_security', 'no_feed', 31) job=8s eta=19.0h
llama3.2:3b/vendor_security/no_feed/s32 -> B (0.8s)
[queue 983/1800] ok ('llama3.2:3b', 'vendor_security', 'no_feed', 32) job=8s eta=19.0h
llama3.2:3b/vendor_security/no_feed/s33 -> B (0.8s)
[queue 984/1800] ok ('llama3.2:3b', 'vendor_security', 'no_feed', 33) job=8s eta=18.9h
llama3.2:3b/vendor_security/no_feed/s34 -> B (1.3s)
[queue 985/1800] ok ('llama3.2:3b', 'vendor_security', 'no_feed', 34) job=8s eta=18.9h
llama3.2:3b/vendor_security/no_feed/s35 -> B (1.1s)
[queue 986/1800] ok ('llama3.2:3b', 'vendor_security', 'no_feed', 35) job=8s eta=18.9h
llama3.2:3b/vendor_security/no_feed/s36 -> B (1.3s)
[queue 987/1800] ok ('llama3.2:3b', 'vendor_security', 'no_feed', 36) job=8s eta=18.8h
llama3.2:3b/vendor_security/no_feed/s37 -> B (1.8s)
[queue 988/1800] ok ('llama3.2:3b', 'vendor_security', 'no_feed', 37) job=9s eta=18.8h
llama3.2:3b/vendor_security/no_feed/s38 -> B (0.9s)
[queue 989/1800] ok ('llama3.2:3b', 'vendor_security', 'no_feed', 38) job=7s eta=18.7h
llama3.2:3b/vendor_security/no_feed/s39 -> B (0.8s)
[queue 990/1800] ok ('llama3.2:3b', 'vendor_security', 'no_feed', 39) job=8s eta=18.7h
llama3.2:3b/vendor_security/no_feed/s40 -> B (2.0s)
[queue 991/1800] ok ('llama3.2:3b', 'vendor_security', 'no_feed', 40) job=10s eta=18.7h
llama3.2:3b/vendor_security/no_feed/s41 -> B (0.9s)
[queue 992/1800] ok ('llama3.2:3b', 'vendor_security', 'no_feed', 41) job=7s eta=18.6h
llama3.2:3b/vendor_security/no_feed/s42 -> B (0.9s)
[queue 993/1800] ok ('llama3.2:3b', 'vendor_security', 'no_feed', 42) job=8s eta=18.6h
llama3.2:3b/vendor_security/no_feed/s43 -> B (0.9s)
[queue 994/1800] ok ('llama3.2:3b', 'vendor_security', 'no_feed', 43) job=8s eta=18.5h
llama3.2:3b/vendor_security/no_feed/s44 -> B (0.7s)
[queue 995/1800] ok ('llama3.2:3b', 'vendor_security', 'no_feed', 44) job=8s eta=18.5h
llama3.2:3b/vendor_security/no_feed/s45 -> B (1.1s)
[queue 996/1800] ok ('llama3.2:3b', 'vendor_security', 'no_feed', 45) job=8s eta=18.5h
llama3.2:3b/vendor_security/no_feed/s46 -> B (0.8s)
[queue 997/1800] ok ('llama3.2:3b', 'vendor_security', 'no_feed', 46) job=8s eta=18.4h
llama3.2:3b/vendor_security/no_feed/s47 -> B (0.8s)
[queue 998/1800] ok ('llama3.2:3b', 'vendor_security', 'no_feed', 47) job=8s eta=18.4h
llama3.2:3b/vendor_security/no_feed/s48 -> B (0.8s)
[queue 999/1800] ok ('llama3.2:3b', 'vendor_security', 'no_feed', 48) job=8s eta=18.3h
llama3.2:3b/vendor_security/no_feed/s49 -> B (2.1s)
[queue 1000/1800] ok ('llama3.2:3b', 'vendor_security', 'no_feed', 49) job=10s eta=18.3h
llama3.2:3b/access_policy/no_feed/s0 -> A (2.8s)
[queue 1001/1800] ok ('llama3.2:3b', 'access_policy', 'no_feed', 0) job=9s eta=18.3h
llama3.2:3b/access_policy/no_feed/s1 -> A (0.9s)
[queue 1002/1800] ok ('llama3.2:3b', 'access_policy', 'no_feed', 1) job=7s eta=18.2h
llama3.2:3b/access_policy/no_feed/s2 -> A (1.0s)
[queue 1003/1800] ok ('llama3.2:3b', 'access_policy', 'no_feed', 2) job=8s eta=18.2h
llama3.2:3b/access_policy/no_feed/s3 -> A (1.0s)
[queue 1004/1800] ok ('llama3.2:3b', 'access_policy', 'no_feed', 3) job=8s eta=18.2h
llama3.2:3b/access_policy/no_feed/s4 -> A (1.0s)
[queue 1005/1800] ok ('llama3.2:3b', 'access_policy', 'no_feed', 4) job=8s eta=18.1h
llama3.2:3b/access_policy/no_feed/s5 -> B (2.4s)
[queue 1006/1800] ok ('llama3.2:3b', 'access_policy', 'no_feed', 5) job=10s eta=18.1h
llama3.2:3b/access_policy/no_feed/s6 -> A (3.1s)
[queue 1007/1800] ok ('llama3.2:3b', 'access_policy', 'no_feed', 6) job=10s eta=18.0h
llama3.2:3b/access_policy/no_feed/s7 -> A (0.9s)
[queue 1008/1800] ok ('llama3.2:3b', 'access_policy', 'no_feed', 7) job=7s eta=18.0h
llama3.2:3b/access_policy/no_feed/s8 -> B (0.9s)
[queue 1009/1800] ok ('llama3.2:3b', 'access_policy', 'no_feed', 8) job=8s eta=18.0h
llama3.2:3b/access_policy/no_feed/s9 -> A (1.3s)
[queue 1010/1800] ok ('llama3.2:3b', 'access_policy', 'no_feed', 9) job=9s eta=17.9h
llama3.2:3b/access_policy/no_feed/s10 -> A (2.0s)
[queue 1011/1800] ok ('llama3.2:3b', 'access_policy', 'no_feed', 10) job=10s eta=17.9h
llama3.2:3b/access_policy/no_feed/s11 -> A (0.9s)
[queue 1012/1800] ok ('llama3.2:3b', 'access_policy', 'no_feed', 11) job=7s eta=17.8h
llama3.2:3b/access_policy/no_feed/s12 -> A (3.1s)
[queue 1013/1800] ok ('llama3.2:3b', 'access_policy', 'no_feed', 12) job=10s eta=17.8h
llama3.2:3b/access_policy/no_feed/s13 -> B (3.0s)
[queue 1014/1800] ok ('llama3.2:3b', 'access_policy', 'no_feed', 13) job=9s eta=17.8h
llama3.2:3b/access_policy/no_feed/s14 -> A (3.3s)
[queue 1015/1800] ok ('llama3.2:3b', 'access_policy', 'no_feed', 14) job=9s eta=17.7h
llama3.2:3b/access_policy/no_feed/s15 -> A (1.1s)
[queue 1016/1800] ok ('llama3.2:3b', 'access_policy', 'no_feed', 15) job=7s eta=17.7h
llama3.2:3b/access_policy/no_feed/s16 -> A (1.2s)
[queue 1017/1800] ok ('llama3.2:3b', 'access_policy', 'no_feed', 16) job=8s eta=17.7h
llama3.2:3b/access_policy/no_feed/s17 -> A (3.4s)
[queue 1018/1800] ok ('llama3.2:3b', 'access_policy', 'no_feed', 17) job=11s eta=17.6h
llama3.2:3b/access_policy/no_feed/s18 -> A (0.8s)
[queue 1019/1800] ok ('llama3.2:3b', 'access_policy', 'no_feed', 18) job=7s eta=17.6h
llama3.2:3b/access_policy/no_feed/s19 -> A (2.3s)
[queue 1020/1800] ok ('llama3.2:3b', 'access_policy', 'no_feed', 19) job=10s eta=17.5h
llama3.2:3b/access_policy/no_feed/s20 -> B (0.9s)
[queue 1021/1800] ok ('llama3.2:3b', 'access_policy', 'no_feed', 20) job=7s eta=17.5h
llama3.2:3b/access_policy/no_feed/s21 -> A (1.1s)
[queue 1022/1800] ok ('llama3.2:3b', 'access_policy', 'no_feed', 21) job=8s eta=17.5h
llama3.2:3b/access_policy/no_feed/s22 -> B (1.1s)
[queue 1023/1800] ok ('llama3.2:3b', 'access_policy', 'no_feed', 22) job=8s eta=17.4h
llama3.2:3b/access_policy/no_feed/s23 -> A (1.0s)
[queue 1024/1800] ok ('llama3.2:3b', 'access_policy', 'no_feed', 23) job=8s eta=17.4h
llama3.2:3b/access_policy/no_feed/s24 -> A (1.2s)
[queue 1025/1800] ok ('llama3.2:3b', 'access_policy', 'no_feed', 24) job=8s eta=17.3h
llama3.2:3b/access_policy/no_feed/s25 -> A (0.9s)
[queue 1026/1800] ok ('llama3.2:3b', 'access_policy', 'no_feed', 25) job=8s eta=17.3h
llama3.2:3b/access_policy/no_feed/s26 -> A (1.1s)
[queue 1027/1800] ok ('llama3.2:3b', 'access_policy', 'no_feed', 26) job=8s eta=17.3h
llama3.2:3b/access_policy/no_feed/s27 -> A (0.9s)
[queue 1028/1800] ok ('llama3.2:3b', 'access_policy', 'no_feed', 27) job=8s eta=17.2h
llama3.2:3b/access_policy/no_feed/s28 -> A (1.0s)
[queue 1029/1800] ok ('llama3.2:3b', 'access_policy', 'no_feed', 28) job=8s eta=17.2h
llama3.2:3b/access_policy/no_feed/s29 -> A (3.3s)
[queue 1030/1800] ok ('llama3.2:3b', 'access_policy', 'no_feed', 29) job=10s eta=17.2h
llama3.2:3b/access_policy/no_feed/s30 -> A (0.8s)
[queue 1031/1800] ok ('llama3.2:3b', 'access_policy', 'no_feed', 30) job=7s eta=17.1h
llama3.2:3b/access_policy/no_feed/s31 -> B (3.1s)
[queue 1032/1800] ok ('llama3.2:3b', 'access_policy', 'no_feed', 31) job=10s eta=17.1h
llama3.2:3b/access_policy/no_feed/s32 -> A (0.8s)
[queue 1033/1800] ok ('llama3.2:3b', 'access_policy', 'no_feed', 32) job=7s eta=17.0h
llama3.2:3b/access_policy/no_feed/s33 -> B (0.9s)
[queue 1034/1800] ok ('llama3.2:3b', 'access_policy', 'no_feed', 33) job=8s eta=17.0h
llama3.2:3b/access_policy/no_feed/s34 -> A (1.3s)
[queue 1035/1800] ok ('llama3.2:3b', 'access_policy', 'no_feed', 34) job=8s eta=17.0h
llama3.2:3b/access_policy/no_feed/s35 -> A (1.1s)
[queue 1036/1800] ok ('llama3.2:3b', 'access_policy', 'no_feed', 35) job=8s eta=16.9h
llama3.2:3b/access_policy/no_feed/s36 -> A (0.9s)
[queue 1037/1800] ok ('llama3.2:3b', 'access_policy', 'no_feed', 36) job=8s eta=16.9h
llama3.2:3b/access_policy/no_feed/s37 -> A (0.7s)
[queue 1038/1800] ok ('llama3.2:3b', 'access_policy', 'no_feed', 37) job=8s eta=16.9h
llama3.2:3b/access_policy/no_feed/s38 -> A (1.1s)
[queue 1039/1800] ok ('llama3.2:3b', 'access_policy', 'no_feed', 38) job=8s eta=16.8h
llama3.2:3b/access_policy/no_feed/s39 -> A (1.2s)
[queue 1040/1800] ok ('llama3.2:3b', 'access_policy', 'no_feed', 39) job=8s eta=16.8h
llama3.2:3b/access_policy/no_feed/s40 -> A (1.1s)
[queue 1041/1800] ok ('llama3.2:3b', 'access_policy', 'no_feed', 40) job=8s eta=16.8h
llama3.2:3b/access_policy/no_feed/s41 -> A (0.9s)
[queue 1042/1800] ok ('llama3.2:3b', 'access_policy', 'no_feed', 41) job=8s eta=16.7h
llama3.2:3b/access_policy/no_feed/s42 -> A (0.9s)
[queue 1043/1800] ok ('llama3.2:3b', 'access_policy', 'no_feed', 42) job=8s eta=16.7h
llama3.2:3b/access_policy/no_feed/s43 -> A (3.3s)
[queue 1044/1800] ok ('llama3.2:3b', 'access_policy', 'no_feed', 43) job=10s eta=16.6h
llama3.2:3b/access_policy/no_feed/s44 -> B (1.1s)
[queue 1045/1800] ok ('llama3.2:3b', 'access_policy', 'no_feed', 44) job=7s eta=16.6h
llama3.2:3b/access_policy/no_feed/s45 -> A (1.1s)
[queue 1046/1800] ok ('llama3.2:3b', 'access_policy', 'no_feed', 45) job=8s eta=16.6h
llama3.2:3b/access_policy/no_feed/s46 -> B (0.9s)
[queue 1047/1800] ok ('llama3.2:3b', 'access_policy', 'no_feed', 46) job=8s eta=16.5h
llama3.2:3b/access_policy/no_feed/s47 -> A (1.1s)
[queue 1048/1800] ok ('llama3.2:3b', 'access_policy', 'no_feed', 47) job=8s eta=16.5h
llama3.2:3b/access_policy/no_feed/s48 -> B (0.8s)
[queue 1049/1800] ok ('llama3.2:3b', 'access_policy', 'no_feed', 48) job=8s eta=16.5h
llama3.2:3b/access_policy/no_feed/s49 -> A (3.0s)
[queue 1050/1800] ok ('llama3.2:3b', 'access_policy', 'no_feed', 49) job=10s eta=16.4h
gemma4:e4b/ai_regulation/no_feed/s0 -> B (13.7s)
[queue 1051/1800] ok ('gemma4:e4b', 'ai_regulation', 'no_feed', 0) job=21s eta=16.4h
gemma4:e4b/ai_regulation/no_feed/s1 -> B (4.4s)
[queue 1052/1800] ok ('gemma4:e4b', 'ai_regulation', 'no_feed', 1) job=12s eta=16.4h
gemma4:e4b/ai_regulation/no_feed/s2 -> B (2.3s)
[queue 1053/1800] ok ('gemma4:e4b', 'ai_regulation', 'no_feed', 2) job=10s eta=16.3h
gemma4:e4b/ai_regulation/no_feed/s3 -> B (2.1s)
[queue 1054/1800] ok ('gemma4:e4b', 'ai_regulation', 'no_feed', 3) job=10s eta=16.3h
gemma4:e4b/ai_regulation/no_feed/s4 -> B (3.6s)
[queue 1055/1800] ok ('gemma4:e4b', 'ai_regulation', 'no_feed', 4) job=10s eta=16.3h
gemma4:e4b/ai_regulation/no_feed/s5 -> B (3.8s)
[queue 1056/1800] ok ('gemma4:e4b', 'ai_regulation', 'no_feed', 5) job=10s eta=16.2h
gemma4:e4b/ai_regulation/no_feed/s6 -> B (3.4s)
[queue 1057/1800] ok ('gemma4:e4b', 'ai_regulation', 'no_feed', 6) job=10s eta=16.2h
gemma4:e4b/ai_regulation/no_feed/s7 -> B (2.3s)
[queue 1058/1800] ok ('gemma4:e4b', 'ai_regulation', 'no_feed', 7) job=9s eta=16.1h
gemma4:e4b/ai_regulation/no_feed/s8 -> B (1.5s)
[queue 1059/1800] ok ('gemma4:e4b', 'ai_regulation', 'no_feed', 8) job=8s eta=16.1h
gemma4:e4b/ai_regulation/no_feed/s9 -> B (3.4s)
[queue 1060/1800] ok ('gemma4:e4b', 'ai_regulation', 'no_feed', 9) job=11s eta=16.1h
gemma4:e4b/ai_regulation/no_feed/s10 -> B (3.9s)
[queue 1061/1800] ok ('gemma4:e4b', 'ai_regulation', 'no_feed', 10) job=10s eta=16.0h
gemma4:e4b/ai_regulation/no_feed/s11 -> B (1.8s)
[queue 1062/1800] ok ('gemma4:e4b', 'ai_regulation', 'no_feed', 11) job=9s eta=16.0h
gemma4:e4b/ai_regulation/no_feed/s12 -> B (3.0s)
[queue 1063/1800] ok ('gemma4:e4b', 'ai_regulation', 'no_feed', 12) job=10s eta=16.0h
gemma4:e4b/ai_regulation/no_feed/s13 -> B (1.8s)
[queue 1064/1800] ok ('gemma4:e4b', 'ai_regulation', 'no_feed', 13) job=8s eta=15.9h
gemma4:e4b/ai_regulation/no_feed/s14 -> B (3.9s)
[queue 1065/1800] ok ('gemma4:e4b', 'ai_regulation', 'no_feed', 14) job=11s eta=15.9h
gemma4:e4b/ai_regulation/no_feed/s15 -> B (2.0s)
[queue 1066/1800] ok ('gemma4:e4b', 'ai_regulation', 'no_feed', 15) job=8s eta=15.9h
gemma4:e4b/ai_regulation/no_feed/s16 -> B (2.9s)
[queue 1067/1800] ok ('gemma4:e4b', 'ai_regulation', 'no_feed', 16) job=10s eta=15.8h
gemma4:e4b/ai_regulation/no_feed/s17 -> B (3.6s)
[queue 1068/1800] ok ('gemma4:e4b', 'ai_regulation', 'no_feed', 17) job=10s eta=15.8h
gemma4:e4b/ai_regulation/no_feed/s18 -> B (2.3s)
[queue 1069/1800] ok ('gemma4:e4b', 'ai_regulation', 'no_feed', 18) job=9s eta=15.8h
gemma4:e4b/ai_regulation/no_feed/s19 -> B (1.8s)
[queue 1070/1800] ok ('gemma4:e4b', 'ai_regulation', 'no_feed', 19) job=8s eta=15.7h
gemma4:e4b/ai_regulation/no_feed/s20 -> B (3.2s)
[queue 1071/1800] ok ('gemma4:e4b', 'ai_regulation', 'no_feed', 20) job=10s eta=15.7h
gemma4:e4b/ai_regulation/no_feed/s21 -> B (3.3s)
[queue 1072/1800] ok ('gemma4:e4b', 'ai_regulation', 'no_feed', 21) job=9s eta=15.7h
gemma4:e4b/ai_regulation/no_feed/s22 -> B (1.4s)
[queue 1073/1800] ok ('gemma4:e4b', 'ai_regulation', 'no_feed', 22) job=8s eta=15.6h
gemma4:e4b/ai_regulation/no_feed/s23 -> B (3.0s)
[queue 1074/1800] ok ('gemma4:e4b', 'ai_regulation', 'no_feed', 23) job=11s eta=15.6h
gemma4:e4b/ai_regulation/no_feed/s24 -> B (1.7s)
[queue 1075/1800] ok ('gemma4:e4b', 'ai_regulation', 'no_feed', 24) job=8s eta=15.6h
gemma4:e4b/ai_regulation/no_feed/s25 -> B (2.2s)
[queue 1076/1800] ok ('gemma4:e4b', 'ai_regulation', 'no_feed', 25) job=9s eta=15.5h
gemma4:e4b/ai_regulation/no_feed/s26 -> B (3.5s)
[queue 1077/1800] ok ('gemma4:e4b', 'ai_regulation', 'no_feed', 26) job=10s eta=15.5h
gemma4:e4b/ai_regulation/no_feed/s27 -> B (2.3s)
[queue 1078/1800] ok ('gemma4:e4b', 'ai_regulation', 'no_feed', 27) job=9s eta=15.5h
gemma4:e4b/ai_regulation/no_feed/s28 -> B (2.3s)
[queue 1079/1800] ok ('gemma4:e4b', 'ai_regulation', 'no_feed', 28) job=9s eta=15.4h
gemma4:e4b/ai_regulation/no_feed/s29 -> B (3.8s)
[queue 1080/1800] ok ('gemma4:e4b', 'ai_regulation', 'no_feed', 29) job=11s eta=15.4h
gemma4:e4b/ai_regulation/no_feed/s30 -> B (3.7s)
[queue 1081/1800] ok ('gemma4:e4b', 'ai_regulation', 'no_feed', 30) job=10s eta=15.4h
gemma4:e4b/ai_regulation/no_feed/s31 -> B (3.4s)
[queue 1082/1800] ok ('gemma4:e4b', 'ai_regulation', 'no_feed', 31) job=10s eta=15.3h
gemma4:e4b/ai_regulation/no_feed/s32 -> B (1.8s)
[queue 1083/1800] ok ('gemma4:e4b', 'ai_regulation', 'no_feed', 32) job=9s eta=15.3h
gemma4:e4b/ai_regulation/no_feed/s33 -> B (1.2s)
[queue 1084/1800] ok ('gemma4:e4b', 'ai_regulation', 'no_feed', 33) job=8s eta=15.3h
gemma4:e4b/ai_regulation/no_feed/s34 -> B (1.6s)
[queue 1085/1800] ok ('gemma4:e4b', 'ai_regulation', 'no_feed', 34) job=9s eta=15.2h
gemma4:e4b/ai_regulation/no_feed/s35 -> B (2.6s)
[queue 1086/1800] ok ('gemma4:e4b', 'ai_regulation', 'no_feed', 35) job=10s eta=15.2h
gemma4:e4b/ai_regulation/no_feed/s36 -> B (3.6s)
[queue 1087/1800] ok ('gemma4:e4b', 'ai_regulation', 'no_feed', 36) job=10s eta=15.2h
gemma4:e4b/ai_regulation/no_feed/s37 -> B (3.4s)
[queue 1088/1800] ok ('gemma4:e4b', 'ai_regulation', 'no_feed', 37) job=9s eta=15.1h
gemma4:e4b/ai_regulation/no_feed/s38 -> B (3.5s)
[queue 1089/1800] ok ('gemma4:e4b', 'ai_regulation', 'no_feed', 38) job=10s eta=15.1h
gemma4:e4b/ai_regulation/no_feed/s39 -> B (4.0s)
[queue 1090/1800] ok ('gemma4:e4b', 'ai_regulation', 'no_feed', 39) job=10s eta=15.1h
gemma4:e4b/ai_regulation/no_feed/s40 -> B (1.3s)
[queue 1091/1800] ok ('gemma4:e4b', 'ai_regulation', 'no_feed', 40) job=7s eta=15.0h
gemma4:e4b/ai_regulation/no_feed/s41 -> B (1.5s)
[queue 1092/1800] ok ('gemma4:e4b', 'ai_regulation', 'no_feed', 41) job=9s eta=15.0h
gemma4:e4b/ai_regulation/no_feed/s42 -> B (2.4s)
[queue 1093/1800] ok ('gemma4:e4b', 'ai_regulation', 'no_feed', 42) job=10s eta=15.0h
gemma4:e4b/ai_regulation/no_feed/s43 -> B (2.7s)
[queue 1094/1800] ok ('gemma4:e4b', 'ai_regulation', 'no_feed', 43) job=9s eta=14.9h
gemma4:e4b/ai_regulation/no_feed/s44 -> B (3.4s)
[queue 1095/1800] ok ('gemma4:e4b', 'ai_regulation', 'no_feed', 44) job=10s eta=14.9h
gemma4:e4b/ai_regulation/no_feed/s45 -> B (2.9s)
[queue 1096/1800] ok ('gemma4:e4b', 'ai_regulation', 'no_feed', 45) job=9s eta=14.9h
gemma4:e4b/ai_regulation/no_feed/s46 -> B (3.6s)
[queue 1097/1800] ok ('gemma4:e4b', 'ai_regulation', 'no_feed', 46) job=10s eta=14.8h
gemma4:e4b/ai_regulation/no_feed/s47 -> B (3.7s)
[queue 1098/1800] ok ('gemma4:e4b', 'ai_regulation', 'no_feed', 47) job=10s eta=14.8h
gemma4:e4b/ai_regulation/no_feed/s48 -> B (2.7s)
[queue 1099/1800] ok ('gemma4:e4b', 'ai_regulation', 'no_feed', 48) job=9s eta=14.8h
gemma4:e4b/ai_regulation/no_feed/s49 -> B (3.5s)
[queue 1100/1800] ok ('gemma4:e4b', 'ai_regulation', 'no_feed', 49) job=10s eta=14.7h
gemma4:e4b/ubi/no_feed/s0 -> B (4.7s)
[queue 1101/1800] ok ('gemma4:e4b', 'ubi', 'no_feed', 0) job=11s eta=14.7h
gemma4:e4b/ubi/no_feed/s1 -> B (3.5s)
[queue 1102/1800] ok ('gemma4:e4b', 'ubi', 'no_feed', 1) job=10s eta=14.7h
gemma4:e4b/ubi/no_feed/s2 -> B (2.2s)
[queue 1103/1800] ok ('gemma4:e4b', 'ubi', 'no_feed', 2) job=9s eta=14.6h
gemma4:e4b/ubi/no_feed/s3 -> B (3.9s)
[queue 1104/1800] ok ('gemma4:e4b', 'ubi', 'no_feed', 3) job=10s eta=14.6h
gemma4:e4b/ubi/no_feed/s4 -> B (3.6s)
[queue 1105/1800] ok ('gemma4:e4b', 'ubi', 'no_feed', 4) job=10s eta=14.6h
gemma4:e4b/ubi/no_feed/s5 -> B (2.2s)
[queue 1106/1800] ok ('gemma4:e4b', 'ubi', 'no_feed', 5) job=9s eta=14.5h
gemma4:e4b/ubi/no_feed/s6 -> B (3.4s)
[queue 1107/1800] ok ('gemma4:e4b', 'ubi', 'no_feed', 6) job=10s eta=14.5h
gemma4:e4b/ubi/no_feed/s7 -> B (3.7s)
[queue 1108/1800] ok ('gemma4:e4b', 'ubi', 'no_feed', 7) job=10s eta=14.5h
gemma4:e4b/ubi/no_feed/s8 -> B (3.4s)
[queue 1109/1800] ok ('gemma4:e4b', 'ubi', 'no_feed', 8) job=9s eta=14.4h
gemma4:e4b/ubi/no_feed/s9 -> B (3.2s)
[queue 1110/1800] ok ('gemma4:e4b', 'ubi', 'no_feed', 9) job=9s eta=14.4h
gemma4:e4b/ubi/no_feed/s10 -> B (3.6s)
[queue 1111/1800] ok ('gemma4:e4b', 'ubi', 'no_feed', 10) job=10s eta=14.4h
gemma4:e4b/ubi/no_feed/s11 -> B (3.5s)
[queue 1112/1800] ok ('gemma4:e4b', 'ubi', 'no_feed', 11) job=10s eta=14.3h
gemma4:e4b/ubi/no_feed/s12 -> B (2.7s)
[queue 1113/1800] ok ('gemma4:e4b', 'ubi', 'no_feed', 12) job=9s eta=14.3h
gemma4:e4b/ubi/no_feed/s13 -> B (3.4s)
[queue 1114/1800] ok ('gemma4:e4b', 'ubi', 'no_feed', 13) job=10s eta=14.3h
gemma4:e4b/ubi/no_feed/s14 -> B (3.2s)
[queue 1115/1800] ok ('gemma4:e4b', 'ubi', 'no_feed', 14) job=9s eta=14.2h
gemma4:e4b/ubi/no_feed/s15 -> B (2.9s)
[queue 1116/1800] ok ('gemma4:e4b', 'ubi', 'no_feed', 15) job=9s eta=14.2h
gemma4:e4b/ubi/no_feed/s16 -> B (3.0s)
[queue 1117/1800] ok ('gemma4:e4b', 'ubi', 'no_feed', 16) job=9s eta=14.2h
gemma4:e4b/ubi/no_feed/s17 -> B (3.3s)
[queue 1118/1800] ok ('gemma4:e4b', 'ubi', 'no_feed', 17) job=10s eta=14.1h
gemma4:e4b/ubi/no_feed/s18 -> B (3.7s)
[queue 1119/1800] ok ('gemma4:e4b', 'ubi', 'no_feed', 18) job=10s eta=14.1h
gemma4:e4b/ubi/no_feed/s19 -> B (3.2s)
[queue 1120/1800] ok ('gemma4:e4b', 'ubi', 'no_feed', 19) job=9s eta=14.1h
gemma4:e4b/ubi/no_feed/s20 -> B (3.5s)
[queue 1121/1800] ok ('gemma4:e4b', 'ubi', 'no_feed', 20) job=10s eta=14.0h
gemma4:e4b/ubi/no_feed/s21 -> B (3.5s)
[queue 1122/1800] ok ('gemma4:e4b', 'ubi', 'no_feed', 21) job=9s eta=14.0h
gemma4:e4b/ubi/no_feed/s22 -> B (3.3s)
[queue 1123/1800] ok ('gemma4:e4b', 'ubi', 'no_feed', 22) job=9s eta=14.0h
gemma4:e4b/ubi/no_feed/s23 -> B (2.1s)
[queue 1124/1800] ok ('gemma4:e4b', 'ubi', 'no_feed', 23) job=9s eta=14.0h
gemma4:e4b/ubi/no_feed/s24 -> B (3.7s)
[queue 1125/1800] ok ('gemma4:e4b', 'ubi', 'no_feed', 24) job=10s eta=13.9h
gemma4:e4b/ubi/no_feed/s25 -> B (2.6s)
[queue 1126/1800] ok ('gemma4:e4b', 'ubi', 'no_feed', 25) job=9s eta=13.9h
gemma4:e4b/ubi/no_feed/s26 -> B (3.0s)
[queue 1127/1800] ok ('gemma4:e4b', 'ubi', 'no_feed', 26) job=9s eta=13.9h
gemma4:e4b/ubi/no_feed/s27 -> B (3.6s)
[queue 1128/1800] ok ('gemma4:e4b', 'ubi', 'no_feed', 27) job=10s eta=13.8h
gemma4:e4b/ubi/no_feed/s28 -> B (3.5s)
[queue 1129/1800] ok ('gemma4:e4b', 'ubi', 'no_feed', 28) job=9s eta=13.8h
gemma4:e4b/ubi/no_feed/s29 -> B (3.6s)
[queue 1130/1800] ok ('gemma4:e4b', 'ubi', 'no_feed', 29) job=10s eta=13.8h
gemma4:e4b/ubi/no_feed/s30 -> B (3.5s)
[queue 1131/1800] ok ('gemma4:e4b', 'ubi', 'no_feed', 30) job=10s eta=13.7h
gemma4:e4b/ubi/no_feed/s31 -> B (2.1s)
[queue 1132/1800] ok ('gemma4:e4b', 'ubi', 'no_feed', 31) job=9s eta=13.7h
gemma4:e4b/ubi/no_feed/s32 -> B (3.6s)
[queue 1133/1800] ok ('gemma4:e4b', 'ubi', 'no_feed', 32) job=10s eta=13.7h
gemma4:e4b/ubi/no_feed/s33 -> B (3.4s)
[queue 1134/1800] ok ('gemma4:e4b', 'ubi', 'no_feed', 33) job=9s eta=13.6h
gemma4:e4b/ubi/no_feed/s34 -> B (2.8s)
[queue 1135/1800] ok ('gemma4:e4b', 'ubi', 'no_feed', 34) job=10s eta=13.6h
gemma4:e4b/ubi/no_feed/s35 -> B (3.5s)
[queue 1136/1800] ok ('gemma4:e4b', 'ubi', 'no_feed', 35) job=10s eta=13.6h
gemma4:e4b/ubi/no_feed/s36 -> B (3.2s)
[queue 1137/1800] ok ('gemma4:e4b', 'ubi', 'no_feed', 36) job=9s eta=13.5h
gemma4:e4b/ubi/no_feed/s37 -> B (3.6s)
[queue 1138/1800] ok ('gemma4:e4b', 'ubi', 'no_feed', 37) job=10s eta=13.5h
gemma4:e4b/ubi/no_feed/s38 -> B (3.2s)
[queue 1139/1800] ok ('gemma4:e4b', 'ubi', 'no_feed', 38) job=9s eta=13.5h
gemma4:e4b/ubi/no_feed/s39 -> B (3.3s)
[queue 1140/1800] ok ('gemma4:e4b', 'ubi', 'no_feed', 39) job=9s eta=13.5h
gemma4:e4b/ubi/no_feed/s40 -> B (1.4s)
[queue 1141/1800] ok ('gemma4:e4b', 'ubi', 'no_feed', 40) job=7s eta=13.4h
gemma4:e4b/ubi/no_feed/s41 -> B (3.3s)
[queue 1142/1800] ok ('gemma4:e4b', 'ubi', 'no_feed', 41) job=10s eta=13.4h
gemma4:e4b/ubi/no_feed/s42 -> B (1.4s)
[queue 1143/1800] ok ('gemma4:e4b', 'ubi', 'no_feed', 42) job=7s eta=13.4h
gemma4:e4b/ubi/no_feed/s43 -> B (3.0s)
[queue 1144/1800] ok ('gemma4:e4b', 'ubi', 'no_feed', 43) job=11s eta=13.3h
gemma4:e4b/ubi/no_feed/s44 -> B (2.7s)
[queue 1145/1800] ok ('gemma4:e4b', 'ubi', 'no_feed', 44) job=9s eta=13.3h
gemma4:e4b/ubi/no_feed/s45 -> B (3.3s)
[queue 1146/1800] ok ('gemma4:e4b', 'ubi', 'no_feed', 45) job=10s eta=13.3h
gemma4:e4b/ubi/no_feed/s46 -> B (3.4s)
[queue 1147/1800] ok ('gemma4:e4b', 'ubi', 'no_feed', 46) job=10s eta=13.2h
gemma4:e4b/ubi/no_feed/s47 -> B (3.5s)
[queue 1148/1800] ok ('gemma4:e4b', 'ubi', 'no_feed', 47) job=9s eta=13.2h
gemma4:e4b/ubi/no_feed/s48 -> B (3.1s)
[queue 1149/1800] ok ('gemma4:e4b', 'ubi', 'no_feed', 48) job=9s eta=13.2h
gemma4:e4b/ubi/no_feed/s49 -> B (3.4s)
[queue 1150/1800] ok ('gemma4:e4b', 'ubi', 'no_feed', 49) job=9s eta=13.2h
gemma4:e4b/deploy_security/no_feed/s0 -> B (4.3s)
[queue 1151/1800] ok ('gemma4:e4b', 'deploy_security', 'no_feed', 0) job=11s eta=13.1h
gemma4:e4b/deploy_security/no_feed/s1 -> B (1.2s)
[queue 1152/1800] ok ('gemma4:e4b', 'deploy_security', 'no_feed', 1) job=7s eta=13.1h
gemma4:e4b/deploy_security/no_feed/s2 -> B (2.6s)
[queue 1153/1800] ok ('gemma4:e4b', 'deploy_security', 'no_feed', 2) job=10s eta=13.1h
gemma4:e4b/deploy_security/no_feed/s3 -> B (1.3s)
[queue 1154/1800] ok ('gemma4:e4b', 'deploy_security', 'no_feed', 3) job=7s eta=13.0h
gemma4:e4b/deploy_security/no_feed/s4 -> B (1.3s)
[queue 1155/1800] ok ('gemma4:e4b', 'deploy_security', 'no_feed', 4) job=8s eta=13.0h
gemma4:e4b/deploy_security/no_feed/s5 -> B (1.5s)
[queue 1156/1800] ok ('gemma4:e4b', 'deploy_security', 'no_feed', 5) job=9s eta=13.0h
gemma4:e4b/deploy_security/no_feed/s6 -> B (1.3s)
[queue 1157/1800] ok ('gemma4:e4b', 'deploy_security', 'no_feed', 6) job=8s eta=12.9h
gemma4:e4b/deploy_security/no_feed/s7 -> B (1.2s)
[queue 1158/1800] ok ('gemma4:e4b', 'deploy_security', 'no_feed', 7) job=8s eta=12.9h
gemma4:e4b/deploy_security/no_feed/s8 -> B (1.2s)
[queue 1159/1800] ok ('gemma4:e4b', 'deploy_security', 'no_feed', 8) job=8s eta=12.9h
gemma4:e4b/deploy_security/no_feed/s9 -> B (2.0s)
[queue 1160/1800] ok ('gemma4:e4b', 'deploy_security', 'no_feed', 9) job=10s eta=12.9h
gemma4:e4b/deploy_security/no_feed/s10 -> B (1.3s)
[queue 1161/1800] ok ('gemma4:e4b', 'deploy_security', 'no_feed', 10) job=8s eta=12.8h
gemma4:e4b/deploy_security/no_feed/s11 -> B (1.2s)
[queue 1162/1800] ok ('gemma4:e4b', 'deploy_security', 'no_feed', 11) job=8s eta=12.8h
gemma4:e4b/deploy_security/no_feed/s12 -> B (1.2s)
[queue 1163/1800] ok ('gemma4:e4b', 'deploy_security', 'no_feed', 12) job=8s eta=12.8h
gemma4:e4b/deploy_security/no_feed/s13 -> B (1.6s)
[queue 1164/1800] ok ('gemma4:e4b', 'deploy_security', 'no_feed', 13) job=9s eta=12.7h
gemma4:e4b/deploy_security/no_feed/s14 -> B (1.3s)
[queue 1165/1800] ok ('gemma4:e4b', 'deploy_security', 'no_feed', 14) job=8s eta=12.7h
gemma4:e4b/deploy_security/no_feed/s15 -> B (2.4s)
[queue 1166/1800] ok ('gemma4:e4b', 'deploy_security', 'no_feed', 15) job=10s eta=12.7h
gemma4:e4b/deploy_security/no_feed/s16 -> B (1.3s)
[queue 1167/1800] ok ('gemma4:e4b', 'deploy_security', 'no_feed', 16) job=7s eta=12.6h
gemma4:e4b/deploy_security/no_feed/s17 -> B (2.4s)
[queue 1168/1800] ok ('gemma4:e4b', 'deploy_security', 'no_feed', 17) job=10s eta=12.6h
gemma4:e4b/deploy_security/no_feed/s18 -> B (1.3s)
[queue 1169/1800] ok ('gemma4:e4b', 'deploy_security', 'no_feed', 18) job=7s eta=12.6h
gemma4:e4b/deploy_security/no_feed/s19 -> B (2.5s)
[queue 1170/1800] ok ('gemma4:e4b', 'deploy_security', 'no_feed', 19) job=10s eta=12.6h
gemma4:e4b/deploy_security/no_feed/s20 -> B (1.3s)
[queue 1171/1800] ok ('gemma4:e4b', 'deploy_security', 'no_feed', 20) job=7s eta=12.5h
gemma4:e4b/deploy_security/no_feed/s21 -> B (1.4s)
[queue 1172/1800] ok ('gemma4:e4b', 'deploy_security', 'no_feed', 21) job=9s eta=12.5h
gemma4:e4b/deploy_security/no_feed/s22 -> B (2.4s)
[queue 1173/1800] ok ('gemma4:e4b', 'deploy_security', 'no_feed', 22) job=10s eta=12.5h
gemma4:e4b/deploy_security/no_feed/s23 -> B (1.8s)
[queue 1174/1800] ok ('gemma4:e4b', 'deploy_security', 'no_feed', 23) job=9s eta=12.4h
gemma4:e4b/deploy_security/no_feed/s24 -> B (2.4s)
[queue 1175/1800] ok ('gemma4:e4b', 'deploy_security', 'no_feed', 24) job=9s eta=12.4h
gemma4:e4b/deploy_security/no_feed/s25 -> B (3.5s)
[queue 1176/1800] ok ('gemma4:e4b', 'deploy_security', 'no_feed', 25) job=10s eta=12.4h
gemma4:e4b/deploy_security/no_feed/s26 -> B (1.6s)
[queue 1177/1800] ok ('gemma4:e4b', 'deploy_security', 'no_feed', 26) job=8s eta=12.3h
gemma4:e4b/deploy_security/no_feed/s27 -> B (1.4s)
[queue 1178/1800] ok ('gemma4:e4b', 'deploy_security', 'no_feed', 27) job=8s eta=12.3h
gemma4:e4b/deploy_security/no_feed/s28 -> B (1.2s)
[queue 1179/1800] ok ('gemma4:e4b', 'deploy_security', 'no_feed', 28) job=8s eta=12.3h
gemma4:e4b/deploy_security/no_feed/s29 -> B (1.3s)
[queue 1180/1800] ok ('gemma4:e4b', 'deploy_security', 'no_feed', 29) job=8s eta=12.3h
gemma4:e4b/deploy_security/no_feed/s30 -> B (1.2s)
[queue 1181/1800] ok ('gemma4:e4b', 'deploy_security', 'no_feed', 30) job=8s eta=12.2h
gemma4:e4b/deploy_security/no_feed/s31 -> B (1.5s)
[queue 1182/1800] ok ('gemma4:e4b', 'deploy_security', 'no_feed', 31) job=9s eta=12.2h
gemma4:e4b/deploy_security/no_feed/s32 -> B (1.0s)
[queue 1183/1800] ok ('gemma4:e4b', 'deploy_security', 'no_feed', 32) job=8s eta=12.2h
gemma4:e4b/deploy_security/no_feed/s33 -> B (3.1s)
[queue 1184/1800] ok ('gemma4:e4b', 'deploy_security', 'no_feed', 33) job=11s eta=12.1h
gemma4:e4b/deploy_security/no_feed/s34 -> B (1.4s)
[queue 1185/1800] ok ('gemma4:e4b', 'deploy_security', 'no_feed', 34) job=8s eta=12.1h
gemma4:e4b/deploy_security/no_feed/s35 -> B (1.3s)
[queue 1186/1800] ok ('gemma4:e4b', 'deploy_security', 'no_feed', 35) job=8s eta=12.1h
gemma4:e4b/deploy_security/no_feed/s36 -> B (1.2s)
[queue 1187/1800] ok ('gemma4:e4b', 'deploy_security', 'no_feed', 36) job=8s eta=12.1h
gemma4:e4b/deploy_security/no_feed/s37 -> B (3.3s)
[queue 1188/1800] ok ('gemma4:e4b', 'deploy_security', 'no_feed', 37) job=11s eta=12.0h
gemma4:e4b/deploy_security/no_feed/s38 -> B (2.3s)
[queue 1189/1800] ok ('gemma4:e4b', 'deploy_security', 'no_feed', 38) job=9s eta=12.0h
gemma4:e4b/deploy_security/no_feed/s39 -> B (1.3s)
[queue 1190/1800] ok ('gemma4:e4b', 'deploy_security', 'no_feed', 39) job=8s eta=12.0h
gemma4:e4b/deploy_security/no_feed/s40 -> B (1.1s)
[queue 1191/1800] ok ('gemma4:e4b', 'deploy_security', 'no_feed', 40) job=8s eta=11.9h
gemma4:e4b/deploy_security/no_feed/s41 -> B (1.0s)
[queue 1192/1800] ok ('gemma4:e4b', 'deploy_security', 'no_feed', 41) job=8s eta=11.9h
gemma4:e4b/deploy_security/no_feed/s42 -> B (1.0s)
[queue 1193/1800] ok ('gemma4:e4b', 'deploy_security', 'no_feed', 42) job=8s eta=11.9h
gemma4:e4b/deploy_security/no_feed/s43 -> B (1.3s)
[queue 1194/1800] ok ('gemma4:e4b', 'deploy_security', 'no_feed', 43) job=8s eta=11.9h
gemma4:e4b/deploy_security/no_feed/s44 -> B (1.2s)
[queue 1195/1800] ok ('gemma4:e4b', 'deploy_security', 'no_feed', 44) job=8s eta=11.8h
gemma4:e4b/deploy_security/no_feed/s45 -> B (1.2s)
[queue 1196/1800] ok ('gemma4:e4b', 'deploy_security', 'no_feed', 45) job=8s eta=11.8h
gemma4:e4b/deploy_security/no_feed/s46 -> B (1.1s)
[queue 1197/1800] ok ('gemma4:e4b', 'deploy_security', 'no_feed', 46) job=8s eta=11.8h
gemma4:e4b/deploy_security/no_feed/s47 -> B (1.3s)
[queue 1198/1800] ok ('gemma4:e4b', 'deploy_security', 'no_feed', 47) job=8s eta=11.7h
gemma4:e4b/deploy_security/no_feed/s48 -> B (1.5s)
[queue 1199/1800] ok ('gemma4:e4b', 'deploy_security', 'no_feed', 48) job=8s eta=11.7h
gemma4:e4b/deploy_security/no_feed/s49 -> B (1.3s)
[queue 1200/1800] ok ('gemma4:e4b', 'deploy_security', 'no_feed', 49) job=8s eta=11.7h
gemma4:e4b/vendor_security/no_feed/s0 -> B (4.3s)
[queue 1201/1800] ok ('gemma4:e4b', 'vendor_security', 'no_feed', 0) job=12s eta=11.7h
gemma4:e4b/vendor_security/no_feed/s1 -> B (1.4s)
[queue 1202/1800] ok ('gemma4:e4b', 'vendor_security', 'no_feed', 1) job=8s eta=11.6h
gemma4:e4b/vendor_security/no_feed/s2 -> B (1.4s)
[queue 1203/1800] ok ('gemma4:e4b', 'vendor_security', 'no_feed', 2) job=8s eta=11.6h
gemma4:e4b/vendor_security/no_feed/s3 -> B (1.5s)
[queue 1204/1800] ok ('gemma4:e4b', 'vendor_security', 'no_feed', 3) job=9s eta=11.6h
gemma4:e4b/vendor_security/no_feed/s4 -> B (1.4s)
[queue 1205/1800] ok ('gemma4:e4b', 'vendor_security', 'no_feed', 4) job=8s eta=11.6h
gemma4:e4b/vendor_security/no_feed/s5 -> B (3.4s)
[queue 1206/1800] ok ('gemma4:e4b', 'vendor_security', 'no_feed', 5) job=10s eta=11.5h
gemma4:e4b/vendor_security/no_feed/s6 -> B (3.9s)
[queue 1207/1800] ok ('gemma4:e4b', 'vendor_security', 'no_feed', 6) job=10s eta=11.5h
gemma4:e4b/vendor_security/no_feed/s7 -> B (1.2s)
[queue 1208/1800] ok ('gemma4:e4b', 'vendor_security', 'no_feed', 7) job=7s eta=11.5h
gemma4:e4b/vendor_security/no_feed/s8 -> B (1.7s)
[queue 1209/1800] ok ('gemma4:e4b', 'vendor_security', 'no_feed', 8) job=9s eta=11.4h
gemma4:e4b/vendor_security/no_feed/s9 -> B (3.2s)
[queue 1210/1800] ok ('gemma4:e4b', 'vendor_security', 'no_feed', 9) job=10s eta=11.4h
gemma4:e4b/vendor_security/no_feed/s10 -> B (2.2s)
[queue 1211/1800] ok ('gemma4:e4b', 'vendor_security', 'no_feed', 10) job=9s eta=11.4h
gemma4:e4b/vendor_security/no_feed/s11 -> B (2.2s)
[queue 1212/1800] ok ('gemma4:e4b', 'vendor_security', 'no_feed', 11) job=9s eta=11.4h
gemma4:e4b/vendor_security/no_feed/s12 -> B (1.1s)
[queue 1213/1800] ok ('gemma4:e4b', 'vendor_security', 'no_feed', 12) job=7s eta=11.3h
gemma4:e4b/vendor_security/no_feed/s13 -> B (2.6s)
[queue 1214/1800] ok ('gemma4:e4b', 'vendor_security', 'no_feed', 13) job=10s eta=11.3h
gemma4:e4b/vendor_security/no_feed/s14 -> B (1.2s)
[queue 1215/1800] ok ('gemma4:e4b', 'vendor_security', 'no_feed', 14) job=7s eta=11.3h
gemma4:e4b/vendor_security/no_feed/s15 -> B (3.4s)
[queue 1216/1800] ok ('gemma4:e4b', 'vendor_security', 'no_feed', 15) job=10s eta=11.3h
gemma4:e4b/vendor_security/no_feed/s16 -> B (1.2s)
[queue 1217/1800] ok ('gemma4:e4b', 'vendor_security', 'no_feed', 16) job=7s eta=11.2h
gemma4:e4b/vendor_security/no_feed/s17 -> B (1.3s)
[queue 1218/1800] ok ('gemma4:e4b', 'vendor_security', 'no_feed', 17) job=8s eta=11.2h
gemma4:e4b/vendor_security/no_feed/s18 -> B (2.4s)
[queue 1219/1800] ok ('gemma4:e4b', 'vendor_security', 'no_feed', 18) job=10s eta=11.2h
gemma4:e4b/vendor_security/no_feed/s19 -> B (3.8s)
[queue 1220/1800] ok ('gemma4:e4b', 'vendor_security', 'no_feed', 19) job=10s eta=11.1h
gemma4:e4b/vendor_security/no_feed/s20 -> B (3.7s)
[queue 1221/1800] ok ('gemma4:e4b', 'vendor_security', 'no_feed', 20) job=10s eta=11.1h
gemma4:e4b/vendor_security/no_feed/s21 -> B (1.3s)
[queue 1222/1800] ok ('gemma4:e4b', 'vendor_security', 'no_feed', 21) job=7s eta=11.1h
gemma4:e4b/vendor_security/no_feed/s22 -> B (2.1s)
[queue 1223/1800] ok ('gemma4:e4b', 'vendor_security', 'no_feed', 22) job=10s eta=11.1h
gemma4:e4b/vendor_security/no_feed/s23 -> B (3.0s)
[queue 1224/1800] ok ('gemma4:e4b', 'vendor_security', 'no_feed', 23) job=10s eta=11.0h
gemma4:e4b/vendor_security/no_feed/s24 -> B (1.5s)
[queue 1225/1800] ok ('gemma4:e4b', 'vendor_security', 'no_feed', 24) job=8s eta=11.0h
gemma4:e4b/vendor_security/no_feed/s25 -> B (3.7s)
[queue 1226/1800] ok ('gemma4:e4b', 'vendor_security', 'no_feed', 25) job=11s eta=11.0h
gemma4:e4b/vendor_security/no_feed/s26 -> B (1.8s)
[queue 1227/1800] ok ('gemma4:e4b', 'vendor_security', 'no_feed', 26) job=9s eta=11.0h
gemma4:e4b/vendor_security/no_feed/s27 -> B (1.9s)
[queue 1228/1800] ok ('gemma4:e4b', 'vendor_security', 'no_feed', 27) job=9s eta=10.9h
gemma4:e4b/vendor_security/no_feed/s28 -> B (3.1s)
[queue 1229/1800] ok ('gemma4:e4b', 'vendor_security', 'no_feed', 28) job=10s eta=10.9h
gemma4:e4b/vendor_security/no_feed/s29 -> B (1.1s)
[queue 1230/1800] ok ('gemma4:e4b', 'vendor_security', 'no_feed', 29) job=7s eta=10.9h
gemma4:e4b/vendor_security/no_feed/s30 -> B (2.4s)
[queue 1231/1800] ok ('gemma4:e4b', 'vendor_security', 'no_feed', 30) job=10s eta=10.8h
gemma4:e4b/vendor_security/no_feed/s31 -> B (1.6s)
[queue 1232/1800] ok ('gemma4:e4b', 'vendor_security', 'no_feed', 31) job=8s eta=10.8h
gemma4:e4b/vendor_security/no_feed/s32 -> B (2.5s)
[queue 1233/1800] ok ('gemma4:e4b', 'vendor_security', 'no_feed', 32) job=10s eta=10.8h
gemma4:e4b/vendor_security/no_feed/s33 -> B (1.6s)
[queue 1234/1800] ok ('gemma4:e4b', 'vendor_security', 'no_feed', 33) job=8s eta=10.8h
gemma4:e4b/vendor_security/no_feed/s34 -> B (1.3s)
[queue 1235/1800] ok ('gemma4:e4b', 'vendor_security', 'no_feed', 34) job=8s eta=10.7h
gemma4:e4b/vendor_security/no_feed/s35 -> B (2.9s)
[queue 1236/1800] ok ('gemma4:e4b', 'vendor_security', 'no_feed', 35) job=10s eta=10.7h
gemma4:e4b/vendor_security/no_feed/s36 -> B (1.1s)
[queue 1237/1800] ok ('gemma4:e4b', 'vendor_security', 'no_feed', 36) job=7s eta=10.7h
gemma4:e4b/vendor_security/no_feed/s37 -> B (3.1s)
[queue 1238/1800] ok ('gemma4:e4b', 'vendor_security', 'no_feed', 37) job=10s eta=10.7h
gemma4:e4b/vendor_security/no_feed/s38 -> B (1.4s)
[queue 1239/1800] ok ('gemma4:e4b', 'vendor_security', 'no_feed', 38) job=7s eta=10.6h
gemma4:e4b/vendor_security/no_feed/s39 -> B (1.2s)
[queue 1240/1800] ok ('gemma4:e4b', 'vendor_security', 'no_feed', 39) job=8s eta=10.6h
gemma4:e4b/vendor_security/no_feed/s40 -> B (1.4s)
[queue 1241/1800] ok ('gemma4:e4b', 'vendor_security', 'no_feed', 40) job=9s eta=10.6h
gemma4:e4b/vendor_security/no_feed/s41 -> B (1.3s)
[queue 1242/1800] ok ('gemma4:e4b', 'vendor_security', 'no_feed', 41) job=8s eta=10.6h
gemma4:e4b/vendor_security/no_feed/s42 -> B (3.1s)
[queue 1243/1800] ok ('gemma4:e4b', 'vendor_security', 'no_feed', 42) job=10s eta=10.5h
gemma4:e4b/vendor_security/no_feed/s43 -> B (3.1s)
[queue 1244/1800] ok ('gemma4:e4b', 'vendor_security', 'no_feed', 43) job=9s eta=10.5h
gemma4:e4b/vendor_security/no_feed/s44 -> B (2.3s)
[queue 1245/1800] ok ('gemma4:e4b', 'vendor_security', 'no_feed', 44) job=9s eta=10.5h
gemma4:e4b/vendor_security/no_feed/s45 -> B (1.4s)
[queue 1246/1800] ok ('gemma4:e4b', 'vendor_security', 'no_feed', 45) job=8s eta=10.4h
gemma4:e4b/vendor_security/no_feed/s46 -> B (1.4s)
[queue 1247/1800] ok ('gemma4:e4b', 'vendor_security', 'no_feed', 46) job=9s eta=10.4h
gemma4:e4b/vendor_security/no_feed/s47 -> B (1.3s)
[queue 1248/1800] ok ('gemma4:e4b', 'vendor_security', 'no_feed', 47) job=8s eta=10.4h
gemma4:e4b/vendor_security/no_feed/s48 -> B (1.3s)
[queue 1249/1800] ok ('gemma4:e4b', 'vendor_security', 'no_feed', 48) job=8s eta=10.4h
gemma4:e4b/vendor_security/no_feed/s49 -> B (3.0s)
[queue 1250/1800] ok ('gemma4:e4b', 'vendor_security', 'no_feed', 49) job=10s eta=10.3h
gemma4:e4b/access_policy/no_feed/s0 -> A (4.0s)
[queue 1251/1800] ok ('gemma4:e4b', 'access_policy', 'no_feed', 0) job=10s eta=10.3h
gemma4:e4b/access_policy/no_feed/s1 -> A (1.4s)
[queue 1252/1800] ok ('gemma4:e4b', 'access_policy', 'no_feed', 1) job=8s eta=10.3h
gemma4:e4b/access_policy/no_feed/s2 -> A (1.3s)
[queue 1253/1800] ok ('gemma4:e4b', 'access_policy', 'no_feed', 2) job=9s eta=10.3h
gemma4:e4b/access_policy/no_feed/s3 -> A (1.4s)
[queue 1254/1800] ok ('gemma4:e4b', 'access_policy', 'no_feed', 3) job=9s eta=10.2h
gemma4:e4b/access_policy/no_feed/s4 -> A (1.4s)
[queue 1255/1800] ok ('gemma4:e4b', 'access_policy', 'no_feed', 4) job=8s eta=10.2h
gemma4:e4b/access_policy/no_feed/s5 -> A (1.1s)
[queue 1256/1800] ok ('gemma4:e4b', 'access_policy', 'no_feed', 5) job=8s eta=10.2h
gemma4:e4b/access_policy/no_feed/s6 -> A (1.3s)
[queue 1257/1800] ok ('gemma4:e4b', 'access_policy', 'no_feed', 6) job=8s eta=10.2h
gemma4:e4b/access_policy/no_feed/s7 -> A (1.2s)
[queue 1258/1800] ok ('gemma4:e4b', 'access_policy', 'no_feed', 7) job=8s eta=10.1h
gemma4:e4b/access_policy/no_feed/s8 -> A (3.2s)
[queue 1259/1800] ok ('gemma4:e4b', 'access_policy', 'no_feed', 8) job=11s eta=10.1h
gemma4:e4b/access_policy/no_feed/s9 -> A (3.1s)
[queue 1260/1800] ok ('gemma4:e4b', 'access_policy', 'no_feed', 9) job=9s eta=10.1h
gemma4:e4b/access_policy/no_feed/s10 -> A (1.2s)
[queue 1261/1800] ok ('gemma4:e4b', 'access_policy', 'no_feed', 10) job=7s eta=10.1h
gemma4:e4b/access_policy/no_feed/s11 -> A (2.6s)
[queue 1262/1800] ok ('gemma4:e4b', 'access_policy', 'no_feed', 11) job=11s eta=10.0h
gemma4:e4b/access_policy/no_feed/s12 -> A (1.3s)
[queue 1263/1800] ok ('gemma4:e4b', 'access_policy', 'no_feed', 12) job=9s eta=10.0h
gemma4:e4b/access_policy/no_feed/s13 -> A (1.3s)
[queue 1264/1800] ok ('gemma4:e4b', 'access_policy', 'no_feed', 13) job=8s eta=10.0h
gemma4:e4b/access_policy/no_feed/s14 -> A (1.3s)
[queue 1265/1800] ok ('gemma4:e4b', 'access_policy', 'no_feed', 14) job=9s eta=10.0h
gemma4:e4b/access_policy/no_feed/s15 -> A (1.1s)
[queue 1266/1800] ok ('gemma4:e4b', 'access_policy', 'no_feed', 15) job=8s eta=9.9h
gemma4:e4b/access_policy/no_feed/s16 -> A (1.4s)
[queue 1267/1800] ok ('gemma4:e4b', 'access_policy', 'no_feed', 16) job=9s eta=9.9h
gemma4:e4b/access_policy/no_feed/s17 -> A (1.4s)
[queue 1268/1800] ok ('gemma4:e4b', 'access_policy', 'no_feed', 17) job=9s eta=9.9h
gemma4:e4b/access_policy/no_feed/s18 -> A (1.3s)
[queue 1269/1800] ok ('gemma4:e4b', 'access_policy', 'no_feed', 18) job=8s eta=9.9h
gemma4:e4b/access_policy/no_feed/s19 -> A (1.3s)
[queue 1270/1800] ok ('gemma4:e4b', 'access_policy', 'no_feed', 19) job=8s eta=9.8h
gemma4:e4b/access_policy/no_feed/s20 -> A (1.6s)
[queue 1271/1800] ok ('gemma4:e4b', 'access_policy', 'no_feed', 20) job=9s eta=9.8h
gemma4:e4b/access_policy/no_feed/s21 -> A (1.2s)
[queue 1272/1800] ok ('gemma4:e4b', 'access_policy', 'no_feed', 21) job=8s eta=9.8h
gemma4:e4b/access_policy/no_feed/s22 -> A (1.2s)
[queue 1273/1800] ok ('gemma4:e4b', 'access_policy', 'no_feed', 22) job=8s eta=9.8h
gemma4:e4b/access_policy/no_feed/s23 -> A (1.3s)
[queue 1274/1800] ok ('gemma4:e4b', 'access_policy', 'no_feed', 23) job=8s eta=9.7h
gemma4:e4b/access_policy/no_feed/s24 -> A (1.1s)
[queue 1275/1800] ok ('gemma4:e4b', 'access_policy', 'no_feed', 24) job=8s eta=9.7h
gemma4:e4b/access_policy/no_feed/s25 -> A (1.2s)
[queue 1276/1800] ok ('gemma4:e4b', 'access_policy', 'no_feed', 25) job=8s eta=9.7h
gemma4:e4b/access_policy/no_feed/s26 -> A (1.2s)
[queue 1277/1800] ok ('gemma4:e4b', 'access_policy', 'no_feed', 26) job=8s eta=9.7h
gemma4:e4b/access_policy/no_feed/s27 -> A (1.3s)
[queue 1278/1800] ok ('gemma4:e4b', 'access_policy', 'no_feed', 27) job=8s eta=9.6h
gemma4:e4b/access_policy/no_feed/s28 -> A (1.3s)
[queue 1279/1800] ok ('gemma4:e4b', 'access_policy', 'no_feed', 28) job=8s eta=9.6h
gemma4:e4b/access_policy/no_feed/s29 -> A (1.1s)
[queue 1280/1800] ok ('gemma4:e4b', 'access_policy', 'no_feed', 29) job=8s eta=9.6h
gemma4:e4b/access_policy/no_feed/s30 -> A (1.1s)
[queue 1281/1800] ok ('gemma4:e4b', 'access_policy', 'no_feed', 30) job=8s eta=9.6h
gemma4:e4b/access_policy/no_feed/s31 -> A (1.2s)
[queue 1282/1800] ok ('gemma4:e4b', 'access_policy', 'no_feed', 31) job=9s eta=9.5h
gemma4:e4b/access_policy/no_feed/s32 -> A (1.2s)
[queue 1283/1800] ok ('gemma4:e4b', 'access_policy', 'no_feed', 32) job=9s eta=9.5h
gemma4:e4b/access_policy/no_feed/s33 -> A (3.4s)
[queue 1284/1800] ok ('gemma4:e4b', 'access_policy', 'no_feed', 33) job=10s eta=9.5h
gemma4:e4b/access_policy/no_feed/s34 -> A (1.6s)
[queue 1285/1800] ok ('gemma4:e4b', 'access_policy', 'no_feed', 34) job=8s eta=9.5h
gemma4:e4b/access_policy/no_feed/s35 -> A (1.1s)
[queue 1286/1800] ok ('gemma4:e4b', 'access_policy', 'no_feed', 35) job=8s eta=9.4h
gemma4:e4b/access_policy/no_feed/s36 -> A (1.5s)
[queue 1287/1800] ok ('gemma4:e4b', 'access_policy', 'no_feed', 36) job=8s eta=9.4h
gemma4:e4b/access_policy/no_feed/s37 -> A (1.2s)
[queue 1288/1800] ok ('gemma4:e4b', 'access_policy', 'no_feed', 37) job=8s eta=9.4h
gemma4:e4b/access_policy/no_feed/s38 -> A (1.3s)
[queue 1289/1800] ok ('gemma4:e4b', 'access_policy', 'no_feed', 38) job=9s eta=9.4h
gemma4:e4b/access_policy/no_feed/s39 -> A (1.6s)
[queue 1290/1800] ok ('gemma4:e4b', 'access_policy', 'no_feed', 39) job=8s eta=9.3h
gemma4:e4b/access_policy/no_feed/s40 -> A (1.4s)
[queue 1291/1800] ok ('gemma4:e4b', 'access_policy', 'no_feed', 40) job=8s eta=9.3h
gemma4:e4b/access_policy/no_feed/s41 -> A (1.5s)
[queue 1292/1800] ok ('gemma4:e4b', 'access_policy', 'no_feed', 41) job=9s eta=9.3h
gemma4:e4b/access_policy/no_feed/s42 -> A (1.4s)
[queue 1293/1800] ok ('gemma4:e4b', 'access_policy', 'no_feed', 42) job=8s eta=9.3h
gemma4:e4b/access_policy/no_feed/s43 -> A (1.1s)
[queue 1294/1800] ok ('gemma4:e4b', 'access_policy', 'no_feed', 43) job=8s eta=9.2h
gemma4:e4b/access_policy/no_feed/s44 -> A (1.1s)
[queue 1295/1800] ok ('gemma4:e4b', 'access_policy', 'no_feed', 44) job=8s eta=9.2h
gemma4:e4b/access_policy/no_feed/s45 -> A (1.3s)
[queue 1296/1800] ok ('gemma4:e4b', 'access_policy', 'no_feed', 45) job=9s eta=9.2h
gemma4:e4b/access_policy/no_feed/s46 -> A (1.2s)
[queue 1297/1800] ok ('gemma4:e4b', 'access_policy', 'no_feed', 46) job=8s eta=9.2h
gemma4:e4b/access_policy/no_feed/s47 -> A (1.3s)
[queue 1298/1800] ok ('gemma4:e4b', 'access_policy', 'no_feed', 47) job=8s eta=9.1h
gemma4:e4b/access_policy/no_feed/s48 -> A (1.2s)
[queue 1299/1800] ok ('gemma4:e4b', 'access_policy', 'no_feed', 48) job=8s eta=9.1h
gemma4:e4b/access_policy/no_feed/s49 -> A (1.2s)
[queue 1300/1800] ok ('gemma4:e4b', 'access_policy', 'no_feed', 49) job=8s eta=9.1h
qwen3.5:2b/ai_regulation/no_feed/s0 -> B (8.2s)
[queue 1301/1800] ok ('qwen3.5:2b', 'ai_regulation', 'no_feed', 0) job=15s eta=9.1h
qwen3.5:2b/ai_regulation/no_feed/s1 -> A (1.5s)
[queue 1302/1800] ok ('qwen3.5:2b', 'ai_regulation', 'no_feed', 1) job=7s eta=9.0h
qwen3.5:2b/ai_regulation/no_feed/s2 -> B (1.2s)
[queue 1303/1800] ok ('qwen3.5:2b', 'ai_regulation', 'no_feed', 2) job=8s eta=9.0h
qwen3.5:2b/ai_regulation/no_feed/s3 -> B (0.8s)
[queue 1304/1800] ok ('qwen3.5:2b', 'ai_regulation', 'no_feed', 3) job=8s eta=9.0h
qwen3.5:2b/ai_regulation/no_feed/s4 -> B (1.1s)
[queue 1305/1800] ok ('qwen3.5:2b', 'ai_regulation', 'no_feed', 4) job=8s eta=9.0h
qwen3.5:2b/ai_regulation/no_feed/s5 -> C (1.0s)
[queue 1306/1800] ok ('qwen3.5:2b', 'ai_regulation', 'no_feed', 5) job=8s eta=8.9h
qwen3.5:2b/ai_regulation/no_feed/s6 -> B (1.5s)
[queue 1307/1800] ok ('qwen3.5:2b', 'ai_regulation', 'no_feed', 6) job=9s eta=8.9h
qwen3.5:2b/ai_regulation/no_feed/s7 -> B (1.1s)
[queue 1308/1800] ok ('qwen3.5:2b', 'ai_regulation', 'no_feed', 7) job=8s eta=8.9h
qwen3.5:2b/ai_regulation/no_feed/s8 -> A (0.9s)
[queue 1309/1800] ok ('qwen3.5:2b', 'ai_regulation', 'no_feed', 8) job=8s eta=8.9h
qwen3.5:2b/ai_regulation/no_feed/s9 -> B (1.2s)
[queue 1310/1800] ok ('qwen3.5:2b', 'ai_regulation', 'no_feed', 9) job=8s eta=8.8h
qwen3.5:2b/ai_regulation/no_feed/s10 -> B (3.4s)
[queue 1311/1800] ok ('qwen3.5:2b', 'ai_regulation', 'no_feed', 10) job=11s eta=8.8h
qwen3.5:2b/ai_regulation/no_feed/s11 -> B (1.3s)
[queue 1312/1800] ok ('qwen3.5:2b', 'ai_regulation', 'no_feed', 11) job=7s eta=8.8h
qwen3.5:2b/ai_regulation/no_feed/s12 -> B (1.4s)
[queue 1313/1800] ok ('qwen3.5:2b', 'ai_regulation', 'no_feed', 12) job=8s eta=8.8h
qwen3.5:2b/ai_regulation/no_feed/s13 -> C (1.1s)
[queue 1314/1800] ok ('qwen3.5:2b', 'ai_regulation', 'no_feed', 13) job=8s eta=8.8h
qwen3.5:2b/ai_regulation/no_feed/s14 -> B (1.5s)
[queue 1315/1800] ok ('qwen3.5:2b', 'ai_regulation', 'no_feed', 14) job=8s eta=8.7h
qwen3.5:2b/ai_regulation/no_feed/s15 -> A (0.9s)
[queue 1316/1800] ok ('qwen3.5:2b', 'ai_regulation', 'no_feed', 15) job=8s eta=8.7h
qwen3.5:2b/ai_regulation/no_feed/s16 -> B (1.2s)
[queue 1317/1800] ok ('qwen3.5:2b', 'ai_regulation', 'no_feed', 16) job=8s eta=8.7h
qwen3.5:2b/ai_regulation/no_feed/s17 -> B (2.9s)
[queue 1318/1800] ok ('qwen3.5:2b', 'ai_regulation', 'no_feed', 17) job=10s eta=8.7h
qwen3.5:2b/ai_regulation/no_feed/s18 -> B (2.9s)
[queue 1319/1800] ok ('qwen3.5:2b', 'ai_regulation', 'no_feed', 18) job=9s eta=8.6h
qwen3.5:2b/ai_regulation/no_feed/s19 -> A (0.9s)
[queue 1320/1800] ok ('qwen3.5:2b', 'ai_regulation', 'no_feed', 19) job=7s eta=8.6h
qwen3.5:2b/ai_regulation/no_feed/s20 -> A (0.9s)
[queue 1321/1800] ok ('qwen3.5:2b', 'ai_regulation', 'no_feed', 20) job=8s eta=8.6h
qwen3.5:2b/ai_regulation/no_feed/s21 -> B (1.1s)
[queue 1322/1800] ok ('qwen3.5:2b', 'ai_regulation', 'no_feed', 21) job=8s eta=8.6h
qwen3.5:2b/ai_regulation/no_feed/s22 -> A (0.9s)
[queue 1323/1800] ok ('qwen3.5:2b', 'ai_regulation', 'no_feed', 22) job=8s eta=8.5h
qwen3.5:2b/ai_regulation/no_feed/s23 -> B (3.5s)
[queue 1324/1800] ok ('qwen3.5:2b', 'ai_regulation', 'no_feed', 23) job=11s eta=8.5h
qwen3.5:2b/ai_regulation/no_feed/s24 -> B (1.0s)
[queue 1325/1800] ok ('qwen3.5:2b', 'ai_regulation', 'no_feed', 24) job=7s eta=8.5h
qwen3.5:2b/ai_regulation/no_feed/s25 -> B (1.3s)
[queue 1326/1800] ok ('qwen3.5:2b', 'ai_regulation', 'no_feed', 25) job=8s eta=8.5h
qwen3.5:2b/ai_regulation/no_feed/s26 -> B (1.9s)
[queue 1327/1800] ok ('qwen3.5:2b', 'ai_regulation', 'no_feed', 26) job=10s eta=8.4h
qwen3.5:2b/ai_regulation/no_feed/s27 -> B (3.8s)
[queue 1328/1800] ok ('qwen3.5:2b', 'ai_regulation', 'no_feed', 27) job=10s eta=8.4h
qwen3.5:2b/ai_regulation/no_feed/s28 -> A (0.8s)
[queue 1329/1800] ok ('qwen3.5:2b', 'ai_regulation', 'no_feed', 28) job=6s eta=8.4h
qwen3.5:2b/ai_regulation/no_feed/s29 -> B (1.5s)
[queue 1330/1800] ok ('qwen3.5:2b', 'ai_regulation', 'no_feed', 29) job=8s eta=8.4h
qwen3.5:2b/ai_regulation/no_feed/s30 -> B (1.9s)
[queue 1331/1800] ok ('qwen3.5:2b', 'ai_regulation', 'no_feed', 30) job=9s eta=8.4h
qwen3.5:2b/ai_regulation/no_feed/s31 -> C (2.8s)
[queue 1332/1800] ok ('qwen3.5:2b', 'ai_regulation', 'no_feed', 31) job=10s eta=8.3h
qwen3.5:2b/ai_regulation/no_feed/s32 -> B (1.4s)
[queue 1333/1800] ok ('qwen3.5:2b', 'ai_regulation', 'no_feed', 32) job=7s eta=8.3h
qwen3.5:2b/ai_regulation/no_feed/s33 -> C (4.5s)
[queue 1334/1800] ok ('qwen3.5:2b', 'ai_regulation', 'no_feed', 33) job=12s eta=8.3h
qwen3.5:2b/ai_regulation/no_feed/s34 -> B (1.2s)
[queue 1335/1800] ok ('qwen3.5:2b', 'ai_regulation', 'no_feed', 34) job=7s eta=8.3h
qwen3.5:2b/ai_regulation/no_feed/s35 -> B (3.3s)
[queue 1336/1800] ok ('qwen3.5:2b', 'ai_regulation', 'no_feed', 35) job=11s eta=8.2h
qwen3.5:2b/ai_regulation/no_feed/s36 -> B (2.0s)
[queue 1337/1800] ok ('qwen3.5:2b', 'ai_regulation', 'no_feed', 36) job=8s eta=8.2h
qwen3.5:2b/ai_regulation/no_feed/s37 -> B (1.7s)
[queue 1338/1800] ok ('qwen3.5:2b', 'ai_regulation', 'no_feed', 37) job=8s eta=8.2h
qwen3.5:2b/ai_regulation/no_feed/s38 -> B (4.2s)
[queue 1339/1800] ok ('qwen3.5:2b', 'ai_regulation', 'no_feed', 38) job=11s eta=8.2h
qwen3.5:2b/ai_regulation/no_feed/s39 -> B (1.4s)
[queue 1340/1800] ok ('qwen3.5:2b', 'ai_regulation', 'no_feed', 39) job=7s eta=8.1h
qwen3.5:2b/ai_regulation/no_feed/s40 -> A (1.2s)
[queue 1341/1800] ok ('qwen3.5:2b', 'ai_regulation', 'no_feed', 40) job=8s eta=8.1h
qwen3.5:2b/ai_regulation/no_feed/s41 -> B (0.8s)
[queue 1342/1800] ok ('qwen3.5:2b', 'ai_regulation', 'no_feed', 41) job=8s eta=8.1h
qwen3.5:2b/ai_regulation/no_feed/s42 -> B (4.0s)
[queue 1343/1800] ok ('qwen3.5:2b', 'ai_regulation', 'no_feed', 42) job=11s eta=8.1h
qwen3.5:2b/ai_regulation/no_feed/s43 -> B (1.2s)
[queue 1344/1800] ok ('qwen3.5:2b', 'ai_regulation', 'no_feed', 43) job=7s eta=8.1h
qwen3.5:2b/ai_regulation/no_feed/s44 -> C (2.6s)
[queue 1345/1800] ok ('qwen3.5:2b', 'ai_regulation', 'no_feed', 44) job=10s eta=8.0h
qwen3.5:2b/ai_regulation/no_feed/s45 -> A (2.7s)
[queue 1346/1800] ok ('qwen3.5:2b', 'ai_regulation', 'no_feed', 45) job=9s eta=8.0h
qwen3.5:2b/ai_regulation/no_feed/s46 -> A (1.0s)
[queue 1347/1800] ok ('qwen3.5:2b', 'ai_regulation', 'no_feed', 46) job=7s eta=8.0h
qwen3.5:2b/ai_regulation/no_feed/s47 -> B (1.3s)
[queue 1348/1800] ok ('qwen3.5:2b', 'ai_regulation', 'no_feed', 47) job=8s eta=8.0h
qwen3.5:2b/ai_regulation/no_feed/s48 -> C (2.9s)
[queue 1349/1800] ok ('qwen3.5:2b', 'ai_regulation', 'no_feed', 48) job=10s eta=7.9h
qwen3.5:2b/ai_regulation/no_feed/s49 -> B (3.6s)
[queue 1350/1800] ok ('qwen3.5:2b', 'ai_regulation', 'no_feed', 49) job=10s eta=7.9h
qwen3.5:2b/ubi/no_feed/s0 -> B (3.2s)
[queue 1351/1800] ok ('qwen3.5:2b', 'ubi', 'no_feed', 0) job=9s eta=7.9h
qwen3.5:2b/ubi/no_feed/s1 -> A (1.0s)
[queue 1352/1800] ok ('qwen3.5:2b', 'ubi', 'no_feed', 1) job=7s eta=7.9h
qwen3.5:2b/ubi/no_feed/s2 -> B (1.0s)
[queue 1353/1800] ok ('qwen3.5:2b', 'ubi', 'no_feed', 2) job=8s eta=7.8h
qwen3.5:2b/ubi/no_feed/s3 -> B (1.0s)
[queue 1354/1800] ok ('qwen3.5:2b', 'ubi', 'no_feed', 3) job=8s eta=7.8h
qwen3.5:2b/ubi/no_feed/s4 -> B (1.1s)
[queue 1355/1800] ok ('qwen3.5:2b', 'ubi', 'no_feed', 4) job=8s eta=7.8h
qwen3.5:2b/ubi/no_feed/s5 -> A (1.2s)
[queue 1356/1800] ok ('qwen3.5:2b', 'ubi', 'no_feed', 5) job=8s eta=7.8h
qwen3.5:2b/ubi/no_feed/s6 -> B (1.3s)
[queue 1357/1800] ok ('qwen3.5:2b', 'ubi', 'no_feed', 6) job=8s eta=7.8h
qwen3.5:2b/ubi/no_feed/s7 -> B (1.2s)
[queue 1358/1800] ok ('qwen3.5:2b', 'ubi', 'no_feed', 7) job=8s eta=7.7h
qwen3.5:2b/ubi/no_feed/s8 -> A (1.5s)
[queue 1359/1800] ok ('qwen3.5:2b', 'ubi', 'no_feed', 8) job=9s eta=7.7h
qwen3.5:2b/ubi/no_feed/s9 -> B (1.6s)
[queue 1360/1800] ok ('qwen3.5:2b', 'ubi', 'no_feed', 9) job=9s eta=7.7h
qwen3.5:2b/ubi/no_feed/s10 -> B (2.2s)
[queue 1361/1800] ok ('qwen3.5:2b', 'ubi', 'no_feed', 10) job=10s eta=7.7h
qwen3.5:2b/ubi/no_feed/s11 -> B (1.1s)
[queue 1362/1800] ok ('qwen3.5:2b', 'ubi', 'no_feed', 11) job=7s eta=7.6h
qwen3.5:2b/ubi/no_feed/s12 -> B (1.1s)
[queue 1363/1800] ok ('qwen3.5:2b', 'ubi', 'no_feed', 12) job=8s eta=7.6h
qwen3.5:2b/ubi/no_feed/s13 -> A (1.1s)
[queue 1364/1800] ok ('qwen3.5:2b', 'ubi', 'no_feed', 13) job=8s eta=7.6h
qwen3.5:2b/ubi/no_feed/s14 -> B (1.6s)
[queue 1365/1800] ok ('qwen3.5:2b', 'ubi', 'no_feed', 14) job=9s eta=7.6h
qwen3.5:2b/ubi/no_feed/s15 -> A (1.1s)
[queue 1366/1800] ok ('qwen3.5:2b', 'ubi', 'no_feed', 15) job=8s eta=7.6h
qwen3.5:2b/ubi/no_feed/s16 -> B (1.2s)
[queue 1367/1800] ok ('qwen3.5:2b', 'ubi', 'no_feed', 16) job=8s eta=7.5h
qwen3.5:2b/ubi/no_feed/s17 -> B (1.5s)
[queue 1368/1800] ok ('qwen3.5:2b', 'ubi', 'no_feed', 17) job=9s eta=7.5h
qwen3.5:2b/ubi/no_feed/s18 -> B (1.3s)
[queue 1369/1800] ok ('qwen3.5:2b', 'ubi', 'no_feed', 18) job=8s eta=7.5h
qwen3.5:2b/ubi/no_feed/s19 -> A (3.5s)
[queue 1370/1800] ok ('qwen3.5:2b', 'ubi', 'no_feed', 19) job=11s eta=7.5h
qwen3.5:2b/ubi/no_feed/s20 -> A (1.9s)
[queue 1371/1800] ok ('qwen3.5:2b', 'ubi', 'no_feed', 20) job=8s eta=7.4h
qwen3.5:2b/ubi/no_feed/s21 -> B (3.5s)
[queue 1372/1800] ok ('qwen3.5:2b', 'ubi', 'no_feed', 21) job=10s eta=7.4h
qwen3.5:2b/ubi/no_feed/s22 -> A (3.6s)
[queue 1373/1800] ok ('qwen3.5:2b', 'ubi', 'no_feed', 22) job=10s eta=7.4h
qwen3.5:2b/ubi/no_feed/s23 -> B (1.4s)
[queue 1374/1800] ok ('qwen3.5:2b', 'ubi', 'no_feed', 23) job=7s eta=7.4h
qwen3.5:2b/ubi/no_feed/s24 -> B (1.0s)
[queue 1375/1800] ok ('qwen3.5:2b', 'ubi', 'no_feed', 24) job=8s eta=7.4h
qwen3.5:2b/ubi/no_feed/s25 -> B (1.5s)
[queue 1376/1800] ok ('qwen3.5:2b', 'ubi', 'no_feed', 25) job=9s eta=7.3h
qwen3.5:2b/ubi/no_feed/s26 -> B (1.1s)
[queue 1377/1800] ok ('qwen3.5:2b', 'ubi', 'no_feed', 26) job=8s eta=7.3h
qwen3.5:2b/ubi/no_feed/s27 -> B (1.3s)
[queue 1378/1800] ok ('qwen3.5:2b', 'ubi', 'no_feed', 27) job=8s eta=7.3h
qwen3.5:2b/ubi/no_feed/s28 -> A (2.7s)
[queue 1379/1800] ok ('qwen3.5:2b', 'ubi', 'no_feed', 28) job=10s eta=7.3h
qwen3.5:2b/ubi/no_feed/s29 -> B (1.0s)
[queue 1380/1800] ok ('qwen3.5:2b', 'ubi', 'no_feed', 29) job=7s eta=7.2h
qwen3.5:2b/ubi/no_feed/s30 -> B (1.1s)
[queue 1381/1800] ok ('qwen3.5:2b', 'ubi', 'no_feed', 30) job=8s eta=7.2h
qwen3.5:2b/ubi/no_feed/s31 -> A (3.5s)
[queue 1382/1800] ok ('qwen3.5:2b', 'ubi', 'no_feed', 31) job=11s eta=7.2h
qwen3.5:2b/ubi/no_feed/s32 -> B (1.3s)
[queue 1383/1800] ok ('qwen3.5:2b', 'ubi', 'no_feed', 32) job=7s eta=7.2h
qwen3.5:2b/ubi/no_feed/s33 -> A (3.7s)
[queue 1384/1800] ok ('qwen3.5:2b', 'ubi', 'no_feed', 33) job=11s eta=7.2h
qwen3.5:2b/ubi/no_feed/s34 -> B (2.8s)
[queue 1385/1800] ok ('qwen3.5:2b', 'ubi', 'no_feed', 34) job=9s eta=7.1h
qwen3.5:2b/ubi/no_feed/s35 -> B (1.0s)
[queue 1386/1800] ok ('qwen3.5:2b', 'ubi', 'no_feed', 35) job=7s eta=7.1h
qwen3.5:2b/ubi/no_feed/s36 -> B (0.9s)
[queue 1387/1800] ok ('qwen3.5:2b', 'ubi', 'no_feed', 36) job=8s eta=7.1h
qwen3.5:2b/ubi/no_feed/s37 -> B (3.5s)
[queue 1388/1800] ok ('qwen3.5:2b', 'ubi', 'no_feed', 37) job=11s eta=7.1h
qwen3.5:2b/ubi/no_feed/s38 -> B (1.0s)
[queue 1389/1800] ok ('qwen3.5:2b', 'ubi', 'no_feed', 38) job=7s eta=7.1h
qwen3.5:2b/ubi/no_feed/s39 -> B (1.0s)
[queue 1390/1800] ok ('qwen3.5:2b', 'ubi', 'no_feed', 39) job=8s eta=7.0h
qwen3.5:2b/ubi/no_feed/s40 -> A (1.1s)
[queue 1391/1800] ok ('qwen3.5:2b', 'ubi', 'no_feed', 40) job=8s eta=7.0h
qwen3.5:2b/ubi/no_feed/s41 -> B (1.1s)
[queue 1392/1800] ok ('qwen3.5:2b', 'ubi', 'no_feed', 41) job=8s eta=7.0h
qwen3.5:2b/ubi/no_feed/s42 -> B (1.1s)
[queue 1393/1800] ok ('qwen3.5:2b', 'ubi', 'no_feed', 42) job=8s eta=7.0h
qwen3.5:2b/ubi/no_feed/s43 -> B (0.9s)
[queue 1394/1800] ok ('qwen3.5:2b', 'ubi', 'no_feed', 43) job=8s eta=6.9h
qwen3.5:2b/ubi/no_feed/s44 -> A (1.0s)
[queue 1395/1800] ok ('qwen3.5:2b', 'ubi', 'no_feed', 44) job=8s eta=6.9h
qwen3.5:2b/ubi/no_feed/s45 -> A (1.4s)
[queue 1396/1800] ok ('qwen3.5:2b', 'ubi', 'no_feed', 45) job=8s eta=6.9h
qwen3.5:2b/ubi/no_feed/s46 -> A (1.6s)
[queue 1397/1800] ok ('qwen3.5:2b', 'ubi', 'no_feed', 46) job=9s eta=6.9h
qwen3.5:2b/ubi/no_feed/s47 -> B (2.1s)
[queue 1398/1800] ok ('qwen3.5:2b', 'ubi', 'no_feed', 47) job=10s eta=6.9h
qwen3.5:2b/ubi/no_feed/s48 -> A (1.2s)
[queue 1399/1800] ok ('qwen3.5:2b', 'ubi', 'no_feed', 48) job=7s eta=6.8h
qwen3.5:2b/ubi/no_feed/s49 -> B (1.0s)
[queue 1400/1800] ok ('qwen3.5:2b', 'ubi', 'no_feed', 49) job=8s eta=6.8h
qwen3.5:2b/deploy_security/no_feed/s0 -> B (3.1s)
[queue 1401/1800] ok ('qwen3.5:2b', 'deploy_security', 'no_feed', 0) job=10s eta=6.8h
qwen3.5:2b/deploy_security/no_feed/s1 -> B (1.1s)
[queue 1402/1800] ok ('qwen3.5:2b', 'deploy_security', 'no_feed', 1) job=7s eta=6.8h
qwen3.5:2b/deploy_security/no_feed/s2 -> B (1.2s)
[queue 1403/1800] ok ('qwen3.5:2b', 'deploy_security', 'no_feed', 2) job=8s eta=6.8h
qwen3.5:2b/deploy_security/no_feed/s3 -> B (1.2s)
[queue 1404/1800] ok ('qwen3.5:2b', 'deploy_security', 'no_feed', 3) job=8s eta=6.7h
qwen3.5:2b/deploy_security/no_feed/s4 -> B (1.0s)
[queue 1405/1800] ok ('qwen3.5:2b', 'deploy_security', 'no_feed', 4) job=8s eta=6.7h
qwen3.5:2b/deploy_security/no_feed/s5 -> A (1.1s)
[queue 1406/1800] ok ('qwen3.5:2b', 'deploy_security', 'no_feed', 5) job=8s eta=6.7h
qwen3.5:2b/deploy_security/no_feed/s6 -> B (0.9s)
[queue 1407/1800] ok ('qwen3.5:2b', 'deploy_security', 'no_feed', 6) job=8s eta=6.7h
qwen3.5:2b/deploy_security/no_feed/s7 -> B (1.0s)
[queue 1408/1800] ok ('qwen3.5:2b', 'deploy_security', 'no_feed', 7) job=8s eta=6.6h
qwen3.5:2b/deploy_security/no_feed/s8 -> A (1.1s)
[queue 1409/1800] ok ('qwen3.5:2b', 'deploy_security', 'no_feed', 8) job=8s eta=6.6h
qwen3.5:2b/deploy_security/no_feed/s9 -> B (1.0s)
[queue 1410/1800] ok ('qwen3.5:2b', 'deploy_security', 'no_feed', 9) job=8s eta=6.6h
qwen3.5:2b/deploy_security/no_feed/s10 -> B (1.9s)
[queue 1411/1800] ok ('qwen3.5:2b', 'deploy_security', 'no_feed', 10) job=9s eta=6.6h
qwen3.5:2b/deploy_security/no_feed/s11 -> B (1.5s)
[queue 1412/1800] ok ('qwen3.5:2b', 'deploy_security', 'no_feed', 11) job=8s eta=6.6h
qwen3.5:2b/deploy_security/no_feed/s12 -> B (1.9s)
[queue 1413/1800] ok ('qwen3.5:2b', 'deploy_security', 'no_feed', 12) job=9s eta=6.5h
qwen3.5:2b/deploy_security/no_feed/s13 -> A (3.4s)
[queue 1414/1800] ok ('qwen3.5:2b', 'deploy_security', 'no_feed', 13) job=10s eta=6.5h
qwen3.5:2b/deploy_security/no_feed/s14 -> B (1.2s)
[queue 1415/1800] ok ('qwen3.5:2b', 'deploy_security', 'no_feed', 14) job=7s eta=6.5h
qwen3.5:2b/deploy_security/no_feed/s15 -> A (0.9s)
[queue 1416/1800] ok ('qwen3.5:2b', 'deploy_security', 'no_feed', 15) job=8s eta=6.5h
qwen3.5:2b/deploy_security/no_feed/s16 -> B (1.1s)
[queue 1417/1800] ok ('qwen3.5:2b', 'deploy_security', 'no_feed', 16) job=8s eta=6.5h
qwen3.5:2b/deploy_security/no_feed/s17 -> B (1.1s)
[queue 1418/1800] ok ('qwen3.5:2b', 'deploy_security', 'no_feed', 17) job=8s eta=6.4h
qwen3.5:2b/deploy_security/no_feed/s18 -> B (1.1s)
[queue 1419/1800] ok ('qwen3.5:2b', 'deploy_security', 'no_feed', 18) job=8s eta=6.4h
qwen3.5:2b/deploy_security/no_feed/s19 -> B (2.7s)
[queue 1420/1800] ok ('qwen3.5:2b', 'deploy_security', 'no_feed', 19) job=10s eta=6.4h
qwen3.5:2b/deploy_security/no_feed/s20 -> A (1.4s)
[queue 1421/1800] ok ('qwen3.5:2b', 'deploy_security', 'no_feed', 20) job=7s eta=6.4h
qwen3.5:2b/deploy_security/no_feed/s21 -> B (2.2s)
[queue 1422/1800] ok ('qwen3.5:2b', 'deploy_security', 'no_feed', 21) job=10s eta=6.4h
qwen3.5:2b/deploy_security/no_feed/s22 -> A (1.0s)
[queue 1423/1800] ok ('qwen3.5:2b', 'deploy_security', 'no_feed', 22) job=7s eta=6.3h
qwen3.5:2b/deploy_security/no_feed/s23 -> B (2.4s)
[queue 1424/1800] ok ('qwen3.5:2b', 'deploy_security', 'no_feed', 23) job=10s eta=6.3h
qwen3.5:2b/deploy_security/no_feed/s24 -> B (1.0s)
[queue 1425/1800] ok ('qwen3.5:2b', 'deploy_security', 'no_feed', 24) job=7s eta=6.3h
qwen3.5:2b/deploy_security/no_feed/s25 -> B (1.1s)
[queue 1426/1800] ok ('qwen3.5:2b', 'deploy_security', 'no_feed', 25) job=8s eta=6.3h
qwen3.5:2b/deploy_security/no_feed/s26 -> B (1.4s)
[queue 1427/1800] ok ('qwen3.5:2b', 'deploy_security', 'no_feed', 26) job=8s eta=6.3h
qwen3.5:2b/deploy_security/no_feed/s27 -> B (1.2s)
[queue 1428/1800] ok ('qwen3.5:2b', 'deploy_security', 'no_feed', 27) job=8s eta=6.2h
qwen3.5:2b/deploy_security/no_feed/s28 -> A (1.0s)
[queue 1429/1800] ok ('qwen3.5:2b', 'deploy_security', 'no_feed', 28) job=8s eta=6.2h
qwen3.5:2b/deploy_security/no_feed/s29 -> B (1.5s)
[queue 1430/1800] ok ('qwen3.5:2b', 'deploy_security', 'no_feed', 29) job=9s eta=6.2h
qwen3.5:2b/deploy_security/no_feed/s30 -> B (1.3s)
[queue 1431/1800] ok ('qwen3.5:2b', 'deploy_security', 'no_feed', 30) job=8s eta=6.2h
qwen3.5:2b/deploy_security/no_feed/s31 -> A (1.0s)
[queue 1432/1800] ok ('qwen3.5:2b', 'deploy_security', 'no_feed', 31) job=8s eta=6.2h
qwen3.5:2b/deploy_security/no_feed/s32 -> B (1.3s)
[queue 1433/1800] ok ('qwen3.5:2b', 'deploy_security', 'no_feed', 32) job=8s eta=6.1h
qwen3.5:2b/deploy_security/no_feed/s33 -> A (1.0s)
[queue 1434/1800] ok ('qwen3.5:2b', 'deploy_security', 'no_feed', 33) job=8s eta=6.1h
qwen3.5:2b/deploy_security/no_feed/s34 -> B (0.9s)
[queue 1435/1800] ok ('qwen3.5:2b', 'deploy_security', 'no_feed', 34) job=8s eta=6.1h
qwen3.5:2b/deploy_security/no_feed/s35 -> B (1.2s)
[queue 1436/1800] ok ('qwen3.5:2b', 'deploy_security', 'no_feed', 35) job=8s eta=6.1h
qwen3.5:2b/deploy_security/no_feed/s36 -> B (1.0s)
[queue 1437/1800] ok ('qwen3.5:2b', 'deploy_security', 'no_feed', 36) job=8s eta=6.0h
qwen3.5:2b/deploy_security/no_feed/s37 -> B (1.0s)
[queue 1438/1800] ok ('qwen3.5:2b', 'deploy_security', 'no_feed', 37) job=8s eta=6.0h
qwen3.5:2b/deploy_security/no_feed/s38 -> B (3.2s)
[queue 1439/1800] ok ('qwen3.5:2b', 'deploy_security', 'no_feed', 38) job=10s eta=6.0h
qwen3.5:2b/deploy_security/no_feed/s39 -> B (1.1s)
[queue 1440/1800] ok ('qwen3.5:2b', 'deploy_security', 'no_feed', 39) job=7s eta=6.0h
qwen3.5:2b/deploy_security/no_feed/s40 -> A (1.2s)
[queue 1441/1800] ok ('qwen3.5:2b', 'deploy_security', 'no_feed', 40) job=8s eta=6.0h
qwen3.5:2b/deploy_security/no_feed/s41 -> B (1.0s)
[queue 1442/1800] ok ('qwen3.5:2b', 'deploy_security', 'no_feed', 41) job=8s eta=5.9h
qwen3.5:2b/deploy_security/no_feed/s42 -> B (1.0s)
[queue 1443/1800] ok ('qwen3.5:2b', 'deploy_security', 'no_feed', 42) job=8s eta=5.9h
qwen3.5:2b/deploy_security/no_feed/s43 -> B (2.4s)
[queue 1444/1800] ok ('qwen3.5:2b', 'deploy_security', 'no_feed', 43) job=10s eta=5.9h
qwen3.5:2b/deploy_security/no_feed/s44 -> A (1.2s)
[queue 1445/1800] ok ('qwen3.5:2b', 'deploy_security', 'no_feed', 44) job=7s eta=5.9h
qwen3.5:2b/deploy_security/no_feed/s45 -> B (0.9s)
[queue 1446/1800] ok ('qwen3.5:2b', 'deploy_security', 'no_feed', 45) job=8s eta=5.9h
qwen3.5:2b/deploy_security/no_feed/s46 -> A (2.1s)
[queue 1447/1800] ok ('qwen3.5:2b', 'deploy_security', 'no_feed', 46) job=9s eta=5.8h
qwen3.5:2b/deploy_security/no_feed/s47 -> B (1.2s)
[queue 1448/1800] ok ('qwen3.5:2b', 'deploy_security', 'no_feed', 47) job=7s eta=5.8h
qwen3.5:2b/deploy_security/no_feed/s48 -> A (1.1s)
[queue 1449/1800] ok ('qwen3.5:2b', 'deploy_security', 'no_feed', 48) job=8s eta=5.8h
qwen3.5:2b/deploy_security/no_feed/s49 -> B (1.1s)
[queue 1450/1800] ok ('qwen3.5:2b', 'deploy_security', 'no_feed', 49) job=8s eta=5.8h
qwen3.5:2b/vendor_security/no_feed/s0 -> B (3.5s)
[queue 1451/1800] ok ('qwen3.5:2b', 'vendor_security', 'no_feed', 0) job=11s eta=5.8h
qwen3.5:2b/vendor_security/no_feed/s1 -> B (1.1s)
[queue 1452/1800] ok ('qwen3.5:2b', 'vendor_security', 'no_feed', 1) job=7s eta=5.7h
qwen3.5:2b/vendor_security/no_feed/s2 -> B (0.9s)
[queue 1453/1800] ok ('qwen3.5:2b', 'vendor_security', 'no_feed', 2) job=8s eta=5.7h
qwen3.5:2b/vendor_security/no_feed/s3 -> B (0.8s)
[queue 1454/1800] ok ('qwen3.5:2b', 'vendor_security', 'no_feed', 3) job=8s eta=5.7h
qwen3.5:2b/vendor_security/no_feed/s4 -> B (1.0s)
[queue 1455/1800] ok ('qwen3.5:2b', 'vendor_security', 'no_feed', 4) job=8s eta=5.7h
qwen3.5:2b/vendor_security/no_feed/s5 -> A (1.2s)
[queue 1456/1800] ok ('qwen3.5:2b', 'vendor_security', 'no_feed', 5) job=8s eta=5.7h
qwen3.5:2b/vendor_security/no_feed/s6 -> B (1.5s)
[queue 1457/1800] ok ('qwen3.5:2b', 'vendor_security', 'no_feed', 6) job=8s eta=5.6h
qwen3.5:2b/vendor_security/no_feed/s7 -> B (2.4s)
[queue 1458/1800] ok ('qwen3.5:2b', 'vendor_security', 'no_feed', 7) job=10s eta=5.6h
qwen3.5:2b/vendor_security/no_feed/s8 -> A (3.3s)
[queue 1459/1800] ok ('qwen3.5:2b', 'vendor_security', 'no_feed', 8) job=10s eta=5.6h
qwen3.5:2b/vendor_security/no_feed/s9 -> B (1.4s)
[queue 1460/1800] ok ('qwen3.5:2b', 'vendor_security', 'no_feed', 9) job=7s eta=5.6h
qwen3.5:2b/vendor_security/no_feed/s10 -> B (1.0s)
[queue 1461/1800] ok ('qwen3.5:2b', 'vendor_security', 'no_feed', 10) job=8s eta=5.6h
qwen3.5:2b/vendor_security/no_feed/s11 -> B (1.0s)
[queue 1462/1800] ok ('qwen3.5:2b', 'vendor_security', 'no_feed', 11) job=8s eta=5.5h
qwen3.5:2b/vendor_security/no_feed/s12 -> B (1.2s)
[queue 1463/1800] ok ('qwen3.5:2b', 'vendor_security', 'no_feed', 12) job=8s eta=5.5h
qwen3.5:2b/vendor_security/no_feed/s13 -> A (2.2s)
[queue 1464/1800] ok ('qwen3.5:2b', 'vendor_security', 'no_feed', 13) job=10s eta=5.5h
qwen3.5:2b/vendor_security/no_feed/s14 -> B (1.0s)
[queue 1465/1800] ok ('qwen3.5:2b', 'vendor_security', 'no_feed', 14) job=7s eta=5.5h
qwen3.5:2b/vendor_security/no_feed/s15 -> A (2.1s)
[queue 1466/1800] ok ('qwen3.5:2b', 'vendor_security', 'no_feed', 15) job=10s eta=5.5h
qwen3.5:2b/vendor_security/no_feed/s16 -> B (1.1s)
[queue 1467/1800] ok ('qwen3.5:2b', 'vendor_security', 'no_feed', 16) job=7s eta=5.5h
qwen3.5:2b/vendor_security/no_feed/s17 -> B (1.0s)
[queue 1468/1800] ok ('qwen3.5:2b', 'vendor_security', 'no_feed', 17) job=8s eta=5.4h
qwen3.5:2b/vendor_security/no_feed/s18 -> B (1.3s)
[queue 1469/1800] ok ('qwen3.5:2b', 'vendor_security', 'no_feed', 18) job=8s eta=5.4h
qwen3.5:2b/vendor_security/no_feed/s19 -> B (0.8s)
[queue 1470/1800] ok ('qwen3.5:2b', 'vendor_security', 'no_feed', 19) job=7s eta=5.4h
qwen3.5:2b/vendor_security/no_feed/s20 -> A (1.2s)
[queue 1471/1800] ok ('qwen3.5:2b', 'vendor_security', 'no_feed', 20) job=8s eta=5.4h
qwen3.5:2b/vendor_security/no_feed/s21 -> B (1.1s)
[queue 1472/1800] ok ('qwen3.5:2b', 'vendor_security', 'no_feed', 21) job=8s eta=5.4h
qwen3.5:2b/vendor_security/no_feed/s22 -> A (1.4s)
[queue 1473/1800] ok ('qwen3.5:2b', 'vendor_security', 'no_feed', 22) job=8s eta=5.3h
qwen3.5:2b/vendor_security/no_feed/s23 -> B (4.4s)
[queue 1474/1800] ok ('qwen3.5:2b', 'vendor_security', 'no_feed', 23) job=11s eta=5.3h
qwen3.5:2b/vendor_security/no_feed/s24 -> B (2.0s)
[queue 1475/1800] ok ('qwen3.5:2b', 'vendor_security', 'no_feed', 24) job=9s eta=5.3h
qwen3.5:2b/vendor_security/no_feed/s25 -> B (2.0s)
[queue 1476/1800] ok ('qwen3.5:2b', 'vendor_security', 'no_feed', 25) job=9s eta=5.3h
qwen3.5:2b/vendor_security/no_feed/s26 -> B (3.5s)
[queue 1477/1800] ok ('qwen3.5:2b', 'vendor_security', 'no_feed', 26) job=10s eta=5.3h
qwen3.5:2b/vendor_security/no_feed/s27 -> B (1.1s)
[queue 1478/1800] ok ('qwen3.5:2b', 'vendor_security', 'no_feed', 27) job=7s eta=5.2h
qwen3.5:2b/vendor_security/no_feed/s28 -> A (0.9s)
[queue 1479/1800] ok ('qwen3.5:2b', 'vendor_security', 'no_feed', 28) job=8s eta=5.2h
qwen3.5:2b/vendor_security/no_feed/s29 -> B (1.0s)
[queue 1480/1800] ok ('qwen3.5:2b', 'vendor_security', 'no_feed', 29) job=8s eta=5.2h
qwen3.5:2b/vendor_security/no_feed/s30 -> B (1.2s)
[queue 1481/1800] ok ('qwen3.5:2b', 'vendor_security', 'no_feed', 30) job=8s eta=5.2h
qwen3.5:2b/vendor_security/no_feed/s31 -> A (1.0s)
[queue 1482/1800] ok ('qwen3.5:2b', 'vendor_security', 'no_feed', 31) job=8s eta=5.2h
qwen3.5:2b/vendor_security/no_feed/s32 -> B (1.3s)
[queue 1483/1800] ok ('qwen3.5:2b', 'vendor_security', 'no_feed', 32) job=8s eta=5.1h
qwen3.5:2b/vendor_security/no_feed/s33 -> A (2.0s)
[queue 1484/1800] ok ('qwen3.5:2b', 'vendor_security', 'no_feed', 33) job=10s eta=5.1h
qwen3.5:2b/vendor_security/no_feed/s34 -> B (1.0s)
[queue 1485/1800] ok ('qwen3.5:2b', 'vendor_security', 'no_feed', 34) job=7s eta=5.1h
qwen3.5:2b/vendor_security/no_feed/s35 -> B (1.0s)
[queue 1486/1800] ok ('qwen3.5:2b', 'vendor_security', 'no_feed', 35) job=8s eta=5.1h
qwen3.5:2b/vendor_security/no_feed/s36 -> B (1.1s)
[queue 1487/1800] ok ('qwen3.5:2b', 'vendor_security', 'no_feed', 36) job=8s eta=5.1h
qwen3.5:2b/vendor_security/no_feed/s37 -> B (1.0s)
[queue 1488/1800] ok ('qwen3.5:2b', 'vendor_security', 'no_feed', 37) job=8s eta=5.0h
qwen3.5:2b/vendor_security/no_feed/s38 -> B (1.2s)
[queue 1489/1800] ok ('qwen3.5:2b', 'vendor_security', 'no_feed', 38) job=8s eta=5.0h
qwen3.5:2b/vendor_security/no_feed/s39 -> B (0.9s)
[queue 1490/1800] ok ('qwen3.5:2b', 'vendor_security', 'no_feed', 39) job=8s eta=5.0h
qwen3.5:2b/vendor_security/no_feed/s40 -> A (1.3s)
[queue 1491/1800] ok ('qwen3.5:2b', 'vendor_security', 'no_feed', 40) job=8s eta=5.0h
qwen3.5:2b/vendor_security/no_feed/s41 -> B (1.6s)
[queue 1492/1800] ok ('qwen3.5:2b', 'vendor_security', 'no_feed', 41) job=9s eta=5.0h
qwen3.5:2b/vendor_security/no_feed/s42 -> B (0.9s)
[queue 1493/1800] ok ('qwen3.5:2b', 'vendor_security', 'no_feed', 42) job=8s eta=5.0h
qwen3.5:2b/vendor_security/no_feed/s43 -> B (1.1s)
[queue 1494/1800] ok ('qwen3.5:2b', 'vendor_security', 'no_feed', 43) job=8s eta=4.9h
qwen3.5:2b/vendor_security/no_feed/s44 -> A (1.3s)
[queue 1495/1800] ok ('qwen3.5:2b', 'vendor_security', 'no_feed', 44) job=8s eta=4.9h
qwen3.5:2b/vendor_security/no_feed/s45 -> A (1.1s)
[queue 1496/1800] ok ('qwen3.5:2b', 'vendor_security', 'no_feed', 45) job=8s eta=4.9h
qwen3.5:2b/vendor_security/no_feed/s46 -> A (1.4s)
[queue 1497/1800] ok ('qwen3.5:2b', 'vendor_security', 'no_feed', 46) job=8s eta=4.9h
qwen3.5:2b/vendor_security/no_feed/s47 -> B (1.8s)
[queue 1498/1800] ok ('qwen3.5:2b', 'vendor_security', 'no_feed', 47) job=10s eta=4.9h
qwen3.5:2b/vendor_security/no_feed/s48 -> A (2.6s)
[queue 1499/1800] ok ('qwen3.5:2b', 'vendor_security', 'no_feed', 48) job=10s eta=4.8h
qwen3.5:2b/vendor_security/no_feed/s49 -> B (1.3s)
[queue 1500/1800] ok ('qwen3.5:2b', 'vendor_security', 'no_feed', 49) job=7s eta=4.8h
qwen3.5:2b/access_policy/no_feed/s0 -> A (3.7s)
[queue 1501/1800] ok ('qwen3.5:2b', 'access_policy', 'no_feed', 0) job=11s eta=4.8h
qwen3.5:2b/access_policy/no_feed/s1 -> A (1.2s)
[queue 1502/1800] ok ('qwen3.5:2b', 'access_policy', 'no_feed', 1) job=7s eta=4.8h
qwen3.5:2b/access_policy/no_feed/s2 -> A (2.7s)
[queue 1503/1800] ok ('qwen3.5:2b', 'access_policy', 'no_feed', 2) job=10s eta=4.8h
qwen3.5:2b/access_policy/no_feed/s3 -> A (2.4s)
[queue 1504/1800] ok ('qwen3.5:2b', 'access_policy', 'no_feed', 3) job=9s eta=4.7h
qwen3.5:2b/access_policy/no_feed/s4 -> A (1.7s)
[queue 1505/1800] ok ('qwen3.5:2b', 'access_policy', 'no_feed', 4) job=8s eta=4.7h
qwen3.5:2b/access_policy/no_feed/s5 -> B (1.6s)
[queue 1506/1800] ok ('qwen3.5:2b', 'access_policy', 'no_feed', 5) job=8s eta=4.7h
qwen3.5:2b/access_policy/no_feed/s6 -> A (1.3s)
[queue 1507/1800] ok ('qwen3.5:2b', 'access_policy', 'no_feed', 6) job=8s eta=4.7h
qwen3.5:2b/access_policy/no_feed/s7 -> A (3.8s)
[queue 1508/1800] ok ('qwen3.5:2b', 'access_policy', 'no_feed', 7) job=11s eta=4.7h
qwen3.5:2b/access_policy/no_feed/s8 -> B (1.2s)
[queue 1509/1800] ok ('qwen3.5:2b', 'access_policy', 'no_feed', 8) job=7s eta=4.7h
qwen3.5:2b/access_policy/no_feed/s9 -> A (1.2s)
[queue 1510/1800] ok ('qwen3.5:2b', 'access_policy', 'no_feed', 9) job=8s eta=4.6h
qwen3.5:2b/access_policy/no_feed/s10 -> A (1.3s)
[queue 1511/1800] ok ('qwen3.5:2b', 'access_policy', 'no_feed', 10) job=8s eta=4.6h
qwen3.5:2b/access_policy/no_feed/s11 -> A (1.2s)
[queue 1512/1800] ok ('qwen3.5:2b', 'access_policy', 'no_feed', 11) job=8s eta=4.6h
qwen3.5:2b/access_policy/no_feed/s12 -> A (1.4s)
[queue 1513/1800] ok ('qwen3.5:2b', 'access_policy', 'no_feed', 12) job=8s eta=4.6h
qwen3.5:2b/access_policy/no_feed/s13 -> B (2.3s)
[queue 1514/1800] ok ('qwen3.5:2b', 'access_policy', 'no_feed', 13) job=10s eta=4.6h
qwen3.5:2b/access_policy/no_feed/s14 -> A (1.3s)
[queue 1515/1800] ok ('qwen3.5:2b', 'access_policy', 'no_feed', 14) job=7s eta=4.5h
qwen3.5:2b/access_policy/no_feed/s15 -> B (1.8s)
[queue 1516/1800] ok ('qwen3.5:2b', 'access_policy', 'no_feed', 15) job=9s eta=4.5h
qwen3.5:2b/access_policy/no_feed/s16 -> A (1.1s)
[queue 1517/1800] ok ('qwen3.5:2b', 'access_policy', 'no_feed', 16) job=7s eta=4.5h
qwen3.5:2b/access_policy/no_feed/s17 -> A (1.2s)
[queue 1518/1800] ok ('qwen3.5:2b', 'access_policy', 'no_feed', 17) job=8s eta=4.5h
qwen3.5:2b/access_policy/no_feed/s18 -> A (1.5s)
[queue 1519/1800] ok ('qwen3.5:2b', 'access_policy', 'no_feed', 18) job=8s eta=4.5h
qwen3.5:2b/access_policy/no_feed/s19 -> A (1.5s)
[queue 1520/1800] ok ('qwen3.5:2b', 'access_policy', 'no_feed', 19) job=8s eta=4.4h
qwen3.5:2b/access_policy/no_feed/s20 -> B (1.0s)
[queue 1521/1800] ok ('qwen3.5:2b', 'access_policy', 'no_feed', 20) job=8s eta=4.4h
qwen3.5:2b/access_policy/no_feed/s21 -> A (2.1s)
[queue 1522/1800] ok ('qwen3.5:2b', 'access_policy', 'no_feed', 21) job=9s eta=4.4h
qwen3.5:2b/access_policy/no_feed/s22 -> B (3.8s)
[queue 1523/1800] ok ('qwen3.5:2b', 'access_policy', 'no_feed', 22) job=10s eta=4.4h
qwen3.5:2b/access_policy/no_feed/s23 -> A (1.2s)
[queue 1524/1800] ok ('qwen3.5:2b', 'access_policy', 'no_feed', 23) job=7s eta=4.4h
qwen3.5:2b/access_policy/no_feed/s24 -> A (1.1s)
[queue 1525/1800] ok ('qwen3.5:2b', 'access_policy', 'no_feed', 24) job=8s eta=4.4h
qwen3.5:2b/access_policy/no_feed/s25 -> A (1.4s)
[queue 1526/1800] ok ('qwen3.5:2b', 'access_policy', 'no_feed', 25) job=8s eta=4.3h
qwen3.5:2b/access_policy/no_feed/s26 -> A (1.8s)
[queue 1527/1800] ok ('qwen3.5:2b', 'access_policy', 'no_feed', 26) job=9s eta=4.3h
qwen3.5:2b/access_policy/no_feed/s27 -> A (1.3s)
[queue 1528/1800] ok ('qwen3.5:2b', 'access_policy', 'no_feed', 27) job=8s eta=4.3h
qwen3.5:2b/access_policy/no_feed/s28 -> B (1.1s)
[queue 1529/1800] ok ('qwen3.5:2b', 'access_policy', 'no_feed', 28) job=8s eta=4.3h
qwen3.5:2b/access_policy/no_feed/s29 -> A (3.9s)
[queue 1530/1800] ok ('qwen3.5:2b', 'access_policy', 'no_feed', 29) job=11s eta=4.3h
qwen3.5:2b/access_policy/no_feed/s30 -> A (1.1s)
[queue 1531/1800] ok ('qwen3.5:2b', 'access_policy', 'no_feed', 30) job=7s eta=4.2h
qwen3.5:2b/access_policy/no_feed/s31 -> B (3.6s)
[queue 1532/1800] ok ('qwen3.5:2b', 'access_policy', 'no_feed', 31) job=11s eta=4.2h
qwen3.5:2b/access_policy/no_feed/s32 -> A (1.4s)
[queue 1533/1800] ok ('qwen3.5:2b', 'access_policy', 'no_feed', 32) job=8s eta=4.2h
qwen3.5:2b/access_policy/no_feed/s33 -> B (3.3s)
[queue 1534/1800] ok ('qwen3.5:2b', 'access_policy', 'no_feed', 33) job=10s eta=4.2h
qwen3.5:2b/access_policy/no_feed/s34 -> A (1.2s)
[queue 1535/1800] ok ('qwen3.5:2b', 'access_policy', 'no_feed', 34) job=7s eta=4.2h
qwen3.5:2b/access_policy/no_feed/s35 -> A (1.2s)
[queue 1536/1800] ok ('qwen3.5:2b', 'access_policy', 'no_feed', 35) job=8s eta=4.2h
qwen3.5:2b/access_policy/no_feed/s36 -> A (1.8s)
[queue 1537/1800] ok ('qwen3.5:2b', 'access_policy', 'no_feed', 36) job=9s eta=4.1h
qwen3.5:2b/access_policy/no_feed/s37 -> A (1.5s)
[queue 1538/1800] ok ('qwen3.5:2b', 'access_policy', 'no_feed', 37) job=9s eta=4.1h
qwen3.5:2b/access_policy/no_feed/s38 -> A (1.2s)
[queue 1539/1800] ok ('qwen3.5:2b', 'access_policy', 'no_feed', 38) job=8s eta=4.1h
qwen3.5:2b/access_policy/no_feed/s39 -> A (3.8s)
[queue 1540/1800] ok ('qwen3.5:2b', 'access_policy', 'no_feed', 39) job=11s eta=4.1h
qwen3.5:2b/access_policy/no_feed/s40 -> B (3.5s)
[queue 1541/1800] ok ('qwen3.5:2b', 'access_policy', 'no_feed', 40) job=10s eta=4.1h
qwen3.5:2b/access_policy/no_feed/s41 -> A (2.8s)
[queue 1542/1800] ok ('qwen3.5:2b', 'access_policy', 'no_feed', 41) job=9s eta=4.0h
qwen3.5:2b/access_policy/no_feed/s42 -> A (1.3s)
[queue 1543/1800] ok ('qwen3.5:2b', 'access_policy', 'no_feed', 42) job=7s eta=4.0h
qwen3.5:2b/access_policy/no_feed/s43 -> A (1.1s)
[queue 1544/1800] ok ('qwen3.5:2b', 'access_policy', 'no_feed', 43) job=8s eta=4.0h
qwen3.5:2b/access_policy/no_feed/s44 -> B (3.0s)
[queue 1545/1800] ok ('qwen3.5:2b', 'access_policy', 'no_feed', 44) job=10s eta=4.0h
qwen3.5:2b/access_policy/no_feed/s45 -> B (1.0s)
[queue 1546/1800] ok ('qwen3.5:2b', 'access_policy', 'no_feed', 45) job=7s eta=4.0h
qwen3.5:2b/access_policy/no_feed/s46 -> B (1.4s)
[queue 1547/1800] ok ('qwen3.5:2b', 'access_policy', 'no_feed', 46) job=8s eta=4.0h
qwen3.5:2b/access_policy/no_feed/s47 -> A (1.0s)
[queue 1548/1800] ok ('qwen3.5:2b', 'access_policy', 'no_feed', 47) job=8s eta=3.9h
qwen3.5:2b/access_policy/no_feed/s48 -> B (3.5s)
[queue 1549/1800] ok ('qwen3.5:2b', 'access_policy', 'no_feed', 48) job=11s eta=3.9h
qwen3.5:2b/access_policy/no_feed/s49 -> A (1.2s)
[queue 1550/1800] ok ('qwen3.5:2b', 'access_policy', 'no_feed', 49) job=7s eta=3.9h
qwen3.5:9b/ai_regulation/no_feed/s0 -> B (15.2s)
[queue 1551/1800] ok ('qwen3.5:9b', 'ai_regulation', 'no_feed', 0) job=23s eta=3.9h
qwen3.5:9b/ai_regulation/no_feed/s1 -> B (7.3s)
[queue 1552/1800] ok ('qwen3.5:9b', 'ai_regulation', 'no_feed', 1) job=14s eta=3.9h
qwen3.5:9b/ai_regulation/no_feed/s2 -> B (6.0s)
[queue 1553/1800] ok ('qwen3.5:9b', 'ai_regulation', 'no_feed', 2) job=13s eta=3.9h
qwen3.5:9b/ai_regulation/no_feed/s3 -> B (7.3s)
[queue 1554/1800] ok ('qwen3.5:9b', 'ai_regulation', 'no_feed', 3) job=14s eta=3.8h
qwen3.5:9b/ai_regulation/no_feed/s4 -> B (5.6s)
[queue 1555/1800] ok ('qwen3.5:9b', 'ai_regulation', 'no_feed', 4) job=12s eta=3.8h
qwen3.5:9b/ai_regulation/no_feed/s5 -> B (7.5s)
[queue 1556/1800] ok ('qwen3.5:9b', 'ai_regulation', 'no_feed', 5) job=14s eta=3.8h
qwen3.5:9b/ai_regulation/no_feed/s6 -> B (5.4s)
[queue 1557/1800] ok ('qwen3.5:9b', 'ai_regulation', 'no_feed', 6) job=12s eta=3.8h
qwen3.5:9b/ai_regulation/no_feed/s7 -> B (5.5s)
[queue 1558/1800] ok ('qwen3.5:9b', 'ai_regulation', 'no_feed', 7) job=12s eta=3.8h
qwen3.5:9b/ai_regulation/no_feed/s8 -> B (5.1s)
[queue 1559/1800] ok ('qwen3.5:9b', 'ai_regulation', 'no_feed', 8) job=11s eta=3.7h
qwen3.5:9b/ai_regulation/no_feed/s9 -> B (5.9s)
[queue 1560/1800] ok ('qwen3.5:9b', 'ai_regulation', 'no_feed', 9) job=12s eta=3.7h
qwen3.5:9b/ai_regulation/no_feed/s10 -> B (7.8s)
[queue 1561/1800] ok ('qwen3.5:9b', 'ai_regulation', 'no_feed', 10) job=14s eta=3.7h
qwen3.5:9b/ai_regulation/no_feed/s11 -> B (6.8s)
[queue 1562/1800] ok ('qwen3.5:9b', 'ai_regulation', 'no_feed', 11) job=13s eta=3.7h
qwen3.5:9b/ai_regulation/no_feed/s12 -> B (6.7s)
[queue 1563/1800] ok ('qwen3.5:9b', 'ai_regulation', 'no_feed', 12) job=13s eta=3.7h
qwen3.5:9b/ai_regulation/no_feed/s13 -> B (5.9s)
[queue 1564/1800] ok ('qwen3.5:9b', 'ai_regulation', 'no_feed', 13) job=12s eta=3.7h
qwen3.5:9b/ai_regulation/no_feed/s14 -> B (9.2s)
[queue 1565/1800] ok ('qwen3.5:9b', 'ai_regulation', 'no_feed', 14) job=16s eta=3.6h
qwen3.5:9b/ai_regulation/no_feed/s15 -> B (6.3s)
[queue 1566/1800] ok ('qwen3.5:9b', 'ai_regulation', 'no_feed', 15) job=13s eta=3.6h
qwen3.5:9b/ai_regulation/no_feed/s16 -> B (6.3s)
[queue 1567/1800] ok ('qwen3.5:9b', 'ai_regulation', 'no_feed', 16) job=13s eta=3.6h
qwen3.5:9b/ai_regulation/no_feed/s17 -> B (6.5s)
[queue 1568/1800] ok ('qwen3.5:9b', 'ai_regulation', 'no_feed', 17) job=13s eta=3.6h
qwen3.5:9b/ai_regulation/no_feed/s18 -> B (6.1s)
[queue 1569/1800] ok ('qwen3.5:9b', 'ai_regulation', 'no_feed', 18) job=12s eta=3.6h
qwen3.5:9b/ai_regulation/no_feed/s19 -> B (6.1s)
[queue 1570/1800] ok ('qwen3.5:9b', 'ai_regulation', 'no_feed', 19) job=13s eta=3.6h
qwen3.5:9b/ai_regulation/no_feed/s20 -> B (6.6s)
[queue 1571/1800] ok ('qwen3.5:9b', 'ai_regulation', 'no_feed', 20) job=13s eta=3.5h
qwen3.5:9b/ai_regulation/no_feed/s21 -> B (5.4s)
[queue 1572/1800] ok ('qwen3.5:9b', 'ai_regulation', 'no_feed', 21) job=12s eta=3.5h
qwen3.5:9b/ai_regulation/no_feed/s22 -> B (7.2s)
[queue 1573/1800] ok ('qwen3.5:9b', 'ai_regulation', 'no_feed', 22) job=13s eta=3.5h
qwen3.5:9b/ai_regulation/no_feed/s23 -> B (6.2s)
[queue 1574/1800] ok ('qwen3.5:9b', 'ai_regulation', 'no_feed', 23) job=12s eta=3.5h
qwen3.5:9b/ai_regulation/no_feed/s24 -> B (7.3s)
[queue 1575/1800] ok ('qwen3.5:9b', 'ai_regulation', 'no_feed', 24) job=14s eta=3.5h
qwen3.5:9b/ai_regulation/no_feed/s25 -> B (6.7s)
[queue 1576/1800] ok ('qwen3.5:9b', 'ai_regulation', 'no_feed', 25) job=13s eta=3.5h
qwen3.5:9b/ai_regulation/no_feed/s26 -> B (6.2s)
[queue 1577/1800] ok ('qwen3.5:9b', 'ai_regulation', 'no_feed', 26) job=12s eta=3.4h
qwen3.5:9b/ai_regulation/no_feed/s27 -> B (6.1s)
[queue 1578/1800] ok ('qwen3.5:9b', 'ai_regulation', 'no_feed', 27) job=12s eta=3.4h
qwen3.5:9b/ai_regulation/no_feed/s28 -> B (5.5s)
[queue 1579/1800] ok ('qwen3.5:9b', 'ai_regulation', 'no_feed', 28) job=12s eta=3.4h
qwen3.5:9b/ai_regulation/no_feed/s29 -> B (5.7s)
[queue 1580/1800] ok ('qwen3.5:9b', 'ai_regulation', 'no_feed', 29) job=12s eta=3.4h
qwen3.5:9b/ai_regulation/no_feed/s30 -> B (7.9s)
[queue 1581/1800] ok ('qwen3.5:9b', 'ai_regulation', 'no_feed', 30) job=14s eta=3.4h
qwen3.5:9b/ai_regulation/no_feed/s31 -> B (5.7s)
[queue 1582/1800] ok ('qwen3.5:9b', 'ai_regulation', 'no_feed', 31) job=12s eta=3.4h
qwen3.5:9b/ai_regulation/no_feed/s32 -> B (5.9s)
[queue 1583/1800] ok ('qwen3.5:9b', 'ai_regulation', 'no_feed', 32) job=12s eta=3.3h
qwen3.5:9b/ai_regulation/no_feed/s33 -> B (8.3s)
[queue 1584/1800] ok ('qwen3.5:9b', 'ai_regulation', 'no_feed', 33) job=15s eta=3.3h
qwen3.5:9b/ai_regulation/no_feed/s34 -> B (5.7s)
[queue 1585/1800] ok ('qwen3.5:9b', 'ai_regulation', 'no_feed', 34) job=13s eta=3.3h
qwen3.5:9b/ai_regulation/no_feed/s35 -> B (7.8s)
[queue 1586/1800] ok ('qwen3.5:9b', 'ai_regulation', 'no_feed', 35) job=14s eta=3.3h
qwen3.5:9b/ai_regulation/no_feed/s36 -> B (8.0s)
[queue 1587/1800] ok ('qwen3.5:9b', 'ai_regulation', 'no_feed', 36) job=14s eta=3.3h
qwen3.5:9b/ai_regulation/no_feed/s37 -> B (5.6s)
[queue 1588/1800] ok ('qwen3.5:9b', 'ai_regulation', 'no_feed', 37) job=12s eta=3.3h
qwen3.5:9b/ai_regulation/no_feed/s38 -> B (6.1s)
[queue 1589/1800] ok ('qwen3.5:9b', 'ai_regulation', 'no_feed', 38) job=12s eta=3.2h
qwen3.5:9b/ai_regulation/no_feed/s39 -> B (6.1s)
[queue 1590/1800] ok ('qwen3.5:9b', 'ai_regulation', 'no_feed', 39) job=12s eta=3.2h
qwen3.5:9b/ai_regulation/no_feed/s40 -> B (5.8s)
[queue 1591/1800] ok ('qwen3.5:9b', 'ai_regulation', 'no_feed', 40) job=12s eta=3.2h
qwen3.5:9b/ai_regulation/no_feed/s41 -> B (6.4s)
[queue 1592/1800] ok ('qwen3.5:9b', 'ai_regulation', 'no_feed', 41) job=13s eta=3.2h
qwen3.5:9b/ai_regulation/no_feed/s42 -> B (5.4s)
[queue 1593/1800] ok ('qwen3.5:9b', 'ai_regulation', 'no_feed', 42) job=11s eta=3.2h
qwen3.5:9b/ai_regulation/no_feed/s43 -> B (6.6s)
[queue 1594/1800] ok ('qwen3.5:9b', 'ai_regulation', 'no_feed', 43) job=13s eta=3.1h
qwen3.5:9b/ai_regulation/no_feed/s44 -> B (5.5s)
[queue 1595/1800] ok ('qwen3.5:9b', 'ai_regulation', 'no_feed', 44) job=12s eta=3.1h
qwen3.5:9b/ai_regulation/no_feed/s45 -> B (6.8s)
[queue 1596/1800] ok ('qwen3.5:9b', 'ai_regulation', 'no_feed', 45) job=13s eta=3.1h
qwen3.5:9b/ai_regulation/no_feed/s46 -> B (6.5s)
[queue 1597/1800] ok ('qwen3.5:9b', 'ai_regulation', 'no_feed', 46) job=13s eta=3.1h
qwen3.5:9b/ai_regulation/no_feed/s47 -> B (6.1s)
[queue 1598/1800] ok ('qwen3.5:9b', 'ai_regulation', 'no_feed', 47) job=12s eta=3.1h
qwen3.5:9b/ai_regulation/no_feed/s48 -> B (5.3s)
[queue 1599/1800] ok ('qwen3.5:9b', 'ai_regulation', 'no_feed', 48) job=12s eta=3.1h
qwen3.5:9b/ai_regulation/no_feed/s49 -> B (6.8s)
[queue 1600/1800] ok ('qwen3.5:9b', 'ai_regulation', 'no_feed', 49) job=13s eta=3.0h
qwen3.5:9b/ubi/no_feed/s0 -> B (8.5s)
[queue 1601/1800] ok ('qwen3.5:9b', 'ubi', 'no_feed', 0) job=15s eta=3.0h
qwen3.5:9b/ubi/no_feed/s1 -> B (7.9s)
[queue 1602/1800] ok ('qwen3.5:9b', 'ubi', 'no_feed', 1) job=14s eta=3.0h
qwen3.5:9b/ubi/no_feed/s2 -> B (6.1s)
[queue 1603/1800] ok ('qwen3.5:9b', 'ubi', 'no_feed', 2) job=12s eta=3.0h
qwen3.5:9b/ubi/no_feed/s3 -> B (6.1s)
[queue 1604/1800] ok ('qwen3.5:9b', 'ubi', 'no_feed', 3) job=12s eta=3.0h
qwen3.5:9b/ubi/no_feed/s4 -> B (5.6s)
[queue 1605/1800] ok ('qwen3.5:9b', 'ubi', 'no_feed', 4) job=12s eta=3.0h
qwen3.5:9b/ubi/no_feed/s5 -> B (6.5s)
[queue 1606/1800] ok ('qwen3.5:9b', 'ubi', 'no_feed', 5) job=12s eta=2.9h
qwen3.5:9b/ubi/no_feed/s6 -> B (6.9s)
[queue 1607/1800] ok ('qwen3.5:9b', 'ubi', 'no_feed', 6) job=13s eta=2.9h
qwen3.5:9b/ubi/no_feed/s7 -> B (5.2s)
[queue 1608/1800] ok ('qwen3.5:9b', 'ubi', 'no_feed', 7) job=11s eta=2.9h
qwen3.5:9b/ubi/no_feed/s8 -> B (8.1s)
[queue 1609/1800] ok ('qwen3.5:9b', 'ubi', 'no_feed', 8) job=14s eta=2.9h
qwen3.5:9b/ubi/no_feed/s9 -> B (5.6s)
[queue 1610/1800] ok ('qwen3.5:9b', 'ubi', 'no_feed', 9) job=12s eta=2.9h
qwen3.5:9b/ubi/no_feed/s10 -> B (6.5s)
[queue 1611/1800] ok ('qwen3.5:9b', 'ubi', 'no_feed', 10) job=13s eta=2.9h
qwen3.5:9b/ubi/no_feed/s11 -> B (6.8s)
[queue 1612/1800] ok ('qwen3.5:9b', 'ubi', 'no_feed', 11) job=13s eta=2.8h
qwen3.5:9b/ubi/no_feed/s12 -> B (6.2s)
[queue 1613/1800] ok ('qwen3.5:9b', 'ubi', 'no_feed', 12) job=12s eta=2.8h
qwen3.5:9b/ubi/no_feed/s13 -> B (5.2s)
[queue 1614/1800] ok ('qwen3.5:9b', 'ubi', 'no_feed', 13) job=12s eta=2.8h
qwen3.5:9b/ubi/no_feed/s14 -> B (6.1s)
[queue 1615/1800] ok ('qwen3.5:9b', 'ubi', 'no_feed', 14) job=13s eta=2.8h
qwen3.5:9b/ubi/no_feed/s15 -> B (5.8s)
[queue 1616/1800] ok ('qwen3.5:9b', 'ubi', 'no_feed', 15) job=12s eta=2.8h
qwen3.5:9b/ubi/no_feed/s16 -> B (5.2s)
[queue 1617/1800] ok ('qwen3.5:9b', 'ubi', 'no_feed', 16) job=11s eta=2.8h
qwen3.5:9b/ubi/no_feed/s17 -> B (5.7s)
[queue 1618/1800] ok ('qwen3.5:9b', 'ubi', 'no_feed', 17) job=12s eta=2.8h
qwen3.5:9b/ubi/no_feed/s18 -> B (5.9s)
[queue 1619/1800] ok ('qwen3.5:9b', 'ubi', 'no_feed', 18) job=12s eta=2.7h
qwen3.5:9b/ubi/no_feed/s19 -> B (5.7s)
[queue 1620/1800] ok ('qwen3.5:9b', 'ubi', 'no_feed', 19) job=12s eta=2.7h
qwen3.5:9b/ubi/no_feed/s20 -> B (6.1s)
[queue 1621/1800] ok ('qwen3.5:9b', 'ubi', 'no_feed', 20) job=12s eta=2.7h
qwen3.5:9b/ubi/no_feed/s21 -> B (5.3s)
[queue 1622/1800] ok ('qwen3.5:9b', 'ubi', 'no_feed', 21) job=11s eta=2.7h
qwen3.5:9b/ubi/no_feed/s22 -> B (6.3s)
[queue 1623/1800] ok ('qwen3.5:9b', 'ubi', 'no_feed', 22) job=13s eta=2.7h
qwen3.5:9b/ubi/no_feed/s23 -> B (6.1s)
[queue 1624/1800] ok ('qwen3.5:9b', 'ubi', 'no_feed', 23) job=12s eta=2.7h
qwen3.5:9b/ubi/no_feed/s24 -> B (5.2s)
[queue 1625/1800] ok ('qwen3.5:9b', 'ubi', 'no_feed', 24) job=11s eta=2.6h
qwen3.5:9b/ubi/no_feed/s25 -> B (4.8s)
[queue 1626/1800] ok ('qwen3.5:9b', 'ubi', 'no_feed', 25) job=11s eta=2.6h
qwen3.5:9b/ubi/no_feed/s26 -> B (6.2s)
[queue 1627/1800] ok ('qwen3.5:9b', 'ubi', 'no_feed', 26) job=12s eta=2.6h
qwen3.5:9b/ubi/no_feed/s27 -> B (5.2s)
[queue 1628/1800] ok ('qwen3.5:9b', 'ubi', 'no_feed', 27) job=11s eta=2.6h
qwen3.5:9b/ubi/no_feed/s28 -> B (7.1s)
[queue 1629/1800] ok ('qwen3.5:9b', 'ubi', 'no_feed', 28) job=13s eta=2.6h
qwen3.5:9b/ubi/no_feed/s29 -> B (5.2s)
[queue 1630/1800] ok ('qwen3.5:9b', 'ubi', 'no_feed', 29) job=11s eta=2.6h
qwen3.5:9b/ubi/no_feed/s30 -> B (6.8s)
[queue 1631/1800] ok ('qwen3.5:9b', 'ubi', 'no_feed', 30) job=13s eta=2.5h
qwen3.5:9b/ubi/no_feed/s31 -> B (6.5s)
[queue 1632/1800] ok ('qwen3.5:9b', 'ubi', 'no_feed', 31) job=13s eta=2.5h
qwen3.5:9b/ubi/no_feed/s32 -> B (5.7s)
[queue 1633/1800] ok ('qwen3.5:9b', 'ubi', 'no_feed', 32) job=12s eta=2.5h
qwen3.5:9b/ubi/no_feed/s33 -> B (6.0s)
[queue 1634/1800] ok ('qwen3.5:9b', 'ubi', 'no_feed', 33) job=12s eta=2.5h
qwen3.5:9b/ubi/no_feed/s34 -> B (6.1s)
[queue 1635/1800] ok ('qwen3.5:9b', 'ubi', 'no_feed', 34) job=12s eta=2.5h
qwen3.5:9b/ubi/no_feed/s35 -> B (6.3s)
[queue 1636/1800] ok ('qwen3.5:9b', 'ubi', 'no_feed', 35) job=12s eta=2.5h
qwen3.5:9b/ubi/no_feed/s36 -> B (6.2s)
[queue 1637/1800] ok ('qwen3.5:9b', 'ubi', 'no_feed', 36) job=12s eta=2.4h
qwen3.5:9b/ubi/no_feed/s37 -> B (5.2s)
[queue 1638/1800] ok ('qwen3.5:9b', 'ubi', 'no_feed', 37) job=11s eta=2.4h
qwen3.5:9b/ubi/no_feed/s38 -> B (6.0s)
[queue 1639/1800] ok ('qwen3.5:9b', 'ubi', 'no_feed', 38) job=12s eta=2.4h
qwen3.5:9b/ubi/no_feed/s39 -> B (6.1s)
[queue 1640/1800] ok ('qwen3.5:9b', 'ubi', 'no_feed', 39) job=12s eta=2.4h
qwen3.5:9b/ubi/no_feed/s40 -> B (6.5s)
[queue 1641/1800] ok ('qwen3.5:9b', 'ubi', 'no_feed', 40) job=13s eta=2.4h
qwen3.5:9b/ubi/no_feed/s41 -> B (7.0s)
[queue 1642/1800] ok ('qwen3.5:9b', 'ubi', 'no_feed', 41) job=13s eta=2.4h
qwen3.5:9b/ubi/no_feed/s42 -> B (5.7s)
[queue 1643/1800] ok ('qwen3.5:9b', 'ubi', 'no_feed', 42) job=12s eta=2.3h
qwen3.5:9b/ubi/no_feed/s43 -> B (5.8s)
[queue 1644/1800] ok ('qwen3.5:9b', 'ubi', 'no_feed', 43) job=12s eta=2.3h
qwen3.5:9b/ubi/no_feed/s44 -> B (7.5s)
[queue 1645/1800] ok ('qwen3.5:9b', 'ubi', 'no_feed', 44) job=14s eta=2.3h
qwen3.5:9b/ubi/no_feed/s45 -> B (7.4s)
[queue 1646/1800] ok ('qwen3.5:9b', 'ubi', 'no_feed', 45) job=13s eta=2.3h
qwen3.5:9b/ubi/no_feed/s46 -> B (6.0s)
[queue 1647/1800] ok ('qwen3.5:9b', 'ubi', 'no_feed', 46) job=12s eta=2.3h
qwen3.5:9b/ubi/no_feed/s47 -> B (5.8s)
[queue 1648/1800] ok ('qwen3.5:9b', 'ubi', 'no_feed', 47) job=12s eta=2.3h
qwen3.5:9b/ubi/no_feed/s48 -> B (8.0s)
[queue 1649/1800] ok ('qwen3.5:9b', 'ubi', 'no_feed', 48) job=14s eta=2.2h
qwen3.5:9b/ubi/no_feed/s49 -> B (5.9s)
[queue 1650/1800] ok ('qwen3.5:9b', 'ubi', 'no_feed', 49) job=13s eta=2.2h
qwen3.5:9b/deploy_security/no_feed/s0 -> B (9.2s)
[queue 1651/1800] ok ('qwen3.5:9b', 'deploy_security', 'no_feed', 0) job=16s eta=2.2h
qwen3.5:9b/deploy_security/no_feed/s1 -> B (6.5s)
[queue 1652/1800] ok ('qwen3.5:9b', 'deploy_security', 'no_feed', 1) job=15s eta=2.2h
qwen3.5:9b/deploy_security/no_feed/s2 -> B (5.8s)
[queue 1653/1800] ok ('qwen3.5:9b', 'deploy_security', 'no_feed', 2) job=13s eta=2.2h
qwen3.5:9b/deploy_security/no_feed/s3 -> B (6.2s)
[queue 1654/1800] ok ('qwen3.5:9b', 'deploy_security', 'no_feed', 3) job=13s eta=2.2h
qwen3.5:9b/deploy_security/no_feed/s4 -> B (9.5s)
[queue 1655/1800] ok ('qwen3.5:9b', 'deploy_security', 'no_feed', 4) job=17s eta=2.2h
qwen3.5:9b/deploy_security/no_feed/s5 -> C (9.0s)
[queue 1656/1800] ok ('qwen3.5:9b', 'deploy_security', 'no_feed', 5) job=17s eta=2.1h
qwen3.5:9b/deploy_security/no_feed/s6 -> B (5.4s)
[queue 1657/1800] ok ('qwen3.5:9b', 'deploy_security', 'no_feed', 6) job=12s eta=2.1h
qwen3.5:9b/deploy_security/no_feed/s7 -> B (9.4s)
[queue 1658/1800] ok ('qwen3.5:9b', 'deploy_security', 'no_feed', 7) job=16s eta=2.1h
qwen3.5:9b/deploy_security/no_feed/s8 -> C (7.5s)
[queue 1659/1800] ok ('qwen3.5:9b', 'deploy_security', 'no_feed', 8) job=14s eta=2.1h
qwen3.5:9b/deploy_security/no_feed/s9 -> B (7.4s)
[queue 1660/1800] ok ('qwen3.5:9b', 'deploy_security', 'no_feed', 9) job=14s eta=2.1h
qwen3.5:9b/deploy_security/no_feed/s10 -> B (6.2s)
[queue 1661/1800] ok ('qwen3.5:9b', 'deploy_security', 'no_feed', 10) job=12s eta=2.1h
qwen3.5:9b/deploy_security/no_feed/s11 -> B (5.1s)
[queue 1662/1800] ok ('qwen3.5:9b', 'deploy_security', 'no_feed', 11) job=11s eta=2.0h
qwen3.5:9b/deploy_security/no_feed/s12 -> B (5.9s)
[queue 1663/1800] ok ('qwen3.5:9b', 'deploy_security', 'no_feed', 12) job=12s eta=2.0h
qwen3.5:9b/deploy_security/no_feed/s13 -> C (6.6s)
[queue 1664/1800] ok ('qwen3.5:9b', 'deploy_security', 'no_feed', 13) job=13s eta=2.0h
qwen3.5:9b/deploy_security/no_feed/s14 -> B (5.1s)
[queue 1665/1800] ok ('qwen3.5:9b', 'deploy_security', 'no_feed', 14) job=11s eta=2.0h
qwen3.5:9b/deploy_security/no_feed/s15 -> C (5.8s)
[queue 1666/1800] ok ('qwen3.5:9b', 'deploy_security', 'no_feed', 15) job=12s eta=2.0h
qwen3.5:9b/deploy_security/no_feed/s16 -> B (7.1s)
[queue 1667/1800] ok ('qwen3.5:9b', 'deploy_security', 'no_feed', 16) job=13s eta=2.0h
qwen3.5:9b/deploy_security/no_feed/s17 -> B (5.7s)
[queue 1668/1800] ok ('qwen3.5:9b', 'deploy_security', 'no_feed', 17) job=12s eta=1.9h
qwen3.5:9b/deploy_security/no_feed/s18 -> B (5.4s)
[queue 1669/1800] ok ('qwen3.5:9b', 'deploy_security', 'no_feed', 18) job=11s eta=1.9h
qwen3.5:9b/deploy_security/no_feed/s19 -> B (5.1s)
[queue 1670/1800] ok ('qwen3.5:9b', 'deploy_security', 'no_feed', 19) job=11s eta=1.9h
qwen3.5:9b/deploy_security/no_feed/s20 -> C (6.4s)
[queue 1671/1800] ok ('qwen3.5:9b', 'deploy_security', 'no_feed', 20) job=13s eta=1.9h
qwen3.5:9b/deploy_security/no_feed/s21 -> B (6.6s)
[queue 1672/1800] ok ('qwen3.5:9b', 'deploy_security', 'no_feed', 21) job=13s eta=1.9h
qwen3.5:9b/deploy_security/no_feed/s22 -> C (6.3s)
[queue 1673/1800] ok ('qwen3.5:9b', 'deploy_security', 'no_feed', 22) job=12s eta=1.9h
qwen3.5:9b/deploy_security/no_feed/s23 -> B (7.0s)
[queue 1674/1800] ok ('qwen3.5:9b', 'deploy_security', 'no_feed', 23) job=13s eta=1.9h
qwen3.5:9b/deploy_security/no_feed/s24 -> B (7.0s)
[queue 1675/1800] ok ('qwen3.5:9b', 'deploy_security', 'no_feed', 24) job=13s eta=1.8h
qwen3.5:9b/deploy_security/no_feed/s25 -> B (7.7s)
[queue 1676/1800] ok ('qwen3.5:9b', 'deploy_security', 'no_feed', 25) job=14s eta=1.8h
qwen3.5:9b/deploy_security/no_feed/s26 -> B (7.9s)
[queue 1677/1800] ok ('qwen3.5:9b', 'deploy_security', 'no_feed', 26) job=14s eta=1.8h
qwen3.5:9b/deploy_security/no_feed/s27 -> B (5.8s)
[queue 1678/1800] ok ('qwen3.5:9b', 'deploy_security', 'no_feed', 27) job=12s eta=1.8h
qwen3.5:9b/deploy_security/no_feed/s28 -> C (5.7s)
[queue 1679/1800] ok ('qwen3.5:9b', 'deploy_security', 'no_feed', 28) job=12s eta=1.8h
qwen3.5:9b/deploy_security/no_feed/s29 -> B (7.4s)
[queue 1680/1800] ok ('qwen3.5:9b', 'deploy_security', 'no_feed', 29) job=14s eta=1.8h
qwen3.5:9b/deploy_security/no_feed/s30 -> B (4.1s)
[queue 1681/1800] ok ('qwen3.5:9b', 'deploy_security', 'no_feed', 30) job=10s eta=1.7h
qwen3.5:9b/deploy_security/no_feed/s31 -> C (5.1s)
[queue 1682/1800] ok ('qwen3.5:9b', 'deploy_security', 'no_feed', 31) job=11s eta=1.7h
qwen3.5:9b/deploy_security/no_feed/s32 -> B (8.1s)
[queue 1683/1800] ok ('qwen3.5:9b', 'deploy_security', 'no_feed', 32) job=14s eta=1.7h
qwen3.5:9b/deploy_security/no_feed/s33 -> C (5.7s)
[queue 1684/1800] ok ('qwen3.5:9b', 'deploy_security', 'no_feed', 33) job=12s eta=1.7h
qwen3.5:9b/deploy_security/no_feed/s34 -> B (5.9s)
[queue 1685/1800] ok ('qwen3.5:9b', 'deploy_security', 'no_feed', 34) job=12s eta=1.7h
qwen3.5:9b/deploy_security/no_feed/s35 -> B (5.2s)
[queue 1686/1800] ok ('qwen3.5:9b', 'deploy_security', 'no_feed', 35) job=11s eta=1.7h
qwen3.5:9b/deploy_security/no_feed/s36 -> B (8.7s)
[queue 1687/1800] ok ('qwen3.5:9b', 'deploy_security', 'no_feed', 36) job=15s eta=1.7h
qwen3.5:9b/deploy_security/no_feed/s37 -> B (5.7s)
[queue 1688/1800] ok ('qwen3.5:9b', 'deploy_security', 'no_feed', 37) job=12s eta=1.6h
qwen3.5:9b/deploy_security/no_feed/s38 -> B (5.2s)
[queue 1689/1800] ok ('qwen3.5:9b', 'deploy_security', 'no_feed', 38) job=11s eta=1.6h
qwen3.5:9b/deploy_security/no_feed/s39 -> B (5.9s)
[queue 1690/1800] ok ('qwen3.5:9b', 'deploy_security', 'no_feed', 39) job=12s eta=1.6h
qwen3.5:9b/deploy_security/no_feed/s40 -> C (5.7s)
[queue 1691/1800] ok ('qwen3.5:9b', 'deploy_security', 'no_feed', 40) job=12s eta=1.6h
qwen3.5:9b/deploy_security/no_feed/s41 -> B (7.1s)
[queue 1692/1800] ok ('qwen3.5:9b', 'deploy_security', 'no_feed', 41) job=13s eta=1.6h
qwen3.5:9b/deploy_security/no_feed/s42 -> B (6.0s)
[queue 1693/1800] ok ('qwen3.5:9b', 'deploy_security', 'no_feed', 42) job=12s eta=1.6h
qwen3.5:9b/deploy_security/no_feed/s43 -> B (6.0s)
[queue 1694/1800] ok ('qwen3.5:9b', 'deploy_security', 'no_feed', 43) job=12s eta=1.5h
qwen3.5:9b/deploy_security/no_feed/s44 -> C (6.5s)
[queue 1695/1800] ok ('qwen3.5:9b', 'deploy_security', 'no_feed', 44) job=13s eta=1.5h
qwen3.5:9b/deploy_security/no_feed/s45 -> C (6.0s)
[queue 1696/1800] ok ('qwen3.5:9b', 'deploy_security', 'no_feed', 45) job=12s eta=1.5h
qwen3.5:9b/deploy_security/no_feed/s46 -> C (5.3s)
[queue 1697/1800] ok ('qwen3.5:9b', 'deploy_security', 'no_feed', 46) job=11s eta=1.5h
qwen3.5:9b/deploy_security/no_feed/s47 -> B (6.4s)
[queue 1698/1800] ok ('qwen3.5:9b', 'deploy_security', 'no_feed', 47) job=13s eta=1.5h
qwen3.5:9b/deploy_security/no_feed/s48 -> C (5.8s)
[queue 1699/1800] ok ('qwen3.5:9b', 'deploy_security', 'no_feed', 48) job=12s eta=1.5h
qwen3.5:9b/deploy_security/no_feed/s49 -> B (5.1s)
[queue 1700/1800] ok ('qwen3.5:9b', 'deploy_security', 'no_feed', 49) job=11s eta=1.5h
qwen3.5:9b/vendor_security/no_feed/s0 -> B (11.1s)
[queue 1701/1800] ok ('qwen3.5:9b', 'vendor_security', 'no_feed', 0) job=17s eta=1.4h
qwen3.5:9b/vendor_security/no_feed/s1 -> B (7.2s)
[queue 1702/1800] ok ('qwen3.5:9b', 'vendor_security', 'no_feed', 1) job=13s eta=1.4h
qwen3.5:9b/vendor_security/no_feed/s2 -> B (6.4s)
[queue 1703/1800] ok ('qwen3.5:9b', 'vendor_security', 'no_feed', 2) job=12s eta=1.4h
qwen3.5:9b/vendor_security/no_feed/s3 -> B (6.2s)
[queue 1704/1800] ok ('qwen3.5:9b', 'vendor_security', 'no_feed', 3) job=13s eta=1.4h
qwen3.5:9b/vendor_security/no_feed/s4 -> B (6.2s)
[queue 1705/1800] ok ('qwen3.5:9b', 'vendor_security', 'no_feed', 4) job=12s eta=1.4h
qwen3.5:9b/vendor_security/no_feed/s5 -> B (7.2s)
[queue 1706/1800] ok ('qwen3.5:9b', 'vendor_security', 'no_feed', 5) job=13s eta=1.4h
qwen3.5:9b/vendor_security/no_feed/s6 -> B (6.1s)
[queue 1707/1800] ok ('qwen3.5:9b', 'vendor_security', 'no_feed', 6) job=12s eta=1.3h
qwen3.5:9b/vendor_security/no_feed/s7 -> B (7.6s)
[queue 1708/1800] ok ('qwen3.5:9b', 'vendor_security', 'no_feed', 7) job=14s eta=1.3h
qwen3.5:9b/vendor_security/no_feed/s8 -> B (8.4s)
[queue 1709/1800] ok ('qwen3.5:9b', 'vendor_security', 'no_feed', 8) job=15s eta=1.3h
qwen3.5:9b/vendor_security/no_feed/s9 -> B (6.4s)
[queue 1710/1800] ok ('qwen3.5:9b', 'vendor_security', 'no_feed', 9) job=12s eta=1.3h
qwen3.5:9b/vendor_security/no_feed/s10 -> B (5.8s)
[queue 1711/1800] ok ('qwen3.5:9b', 'vendor_security', 'no_feed', 10) job=12s eta=1.3h
qwen3.5:9b/vendor_security/no_feed/s11 -> B (7.1s)
[queue 1712/1800] ok ('qwen3.5:9b', 'vendor_security', 'no_feed', 11) job=13s eta=1.3h
qwen3.5:9b/vendor_security/no_feed/s12 -> B (7.5s)
[queue 1713/1800] ok ('qwen3.5:9b', 'vendor_security', 'no_feed', 12) job=14s eta=1.3h
qwen3.5:9b/vendor_security/no_feed/s13 -> B (8.3s)
[queue 1714/1800] ok ('qwen3.5:9b', 'vendor_security', 'no_feed', 13) job=14s eta=1.2h
qwen3.5:9b/vendor_security/no_feed/s14 -> B (7.4s)
[queue 1715/1800] ok ('qwen3.5:9b', 'vendor_security', 'no_feed', 14) job=13s eta=1.2h
qwen3.5:9b/vendor_security/no_feed/s15 -> B (8.4s)
[queue 1716/1800] ok ('qwen3.5:9b', 'vendor_security', 'no_feed', 15) job=14s eta=1.2h
qwen3.5:9b/vendor_security/no_feed/s16 -> B (7.2s)
[queue 1717/1800] ok ('qwen3.5:9b', 'vendor_security', 'no_feed', 16) job=13s eta=1.2h
qwen3.5:9b/vendor_security/no_feed/s17 -> B (8.9s)
[queue 1718/1800] ok ('qwen3.5:9b', 'vendor_security', 'no_feed', 17) job=15s eta=1.2h
qwen3.5:9b/vendor_security/no_feed/s18 -> B (8.7s)
[queue 1719/1800] ok ('qwen3.5:9b', 'vendor_security', 'no_feed', 18) job=15s eta=1.2h
qwen3.5:9b/vendor_security/no_feed/s19 -> B (7.4s)
[queue 1720/1800] ok ('qwen3.5:9b', 'vendor_security', 'no_feed', 19) job=14s eta=1.2h
qwen3.5:9b/vendor_security/no_feed/s20 -> B (7.4s)
[queue 1721/1800] ok ('qwen3.5:9b', 'vendor_security', 'no_feed', 20) job=14s eta=1.1h
qwen3.5:9b/vendor_security/no_feed/s21 -> B (5.7s)
[queue 1722/1800] ok ('qwen3.5:9b', 'vendor_security', 'no_feed', 21) job=12s eta=1.1h
qwen3.5:9b/vendor_security/no_feed/s22 -> B (8.4s)
[queue 1723/1800] ok ('qwen3.5:9b', 'vendor_security', 'no_feed', 22) job=15s eta=1.1h
qwen3.5:9b/vendor_security/no_feed/s23 -> B (6.4s)
[queue 1724/1800] ok ('qwen3.5:9b', 'vendor_security', 'no_feed', 23) job=13s eta=1.1h
qwen3.5:9b/vendor_security/no_feed/s24 -> B (5.3s)
[queue 1725/1800] ok ('qwen3.5:9b', 'vendor_security', 'no_feed', 24) job=11s eta=1.1h
qwen3.5:9b/vendor_security/no_feed/s25 -> B (5.7s)
[queue 1726/1800] ok ('qwen3.5:9b', 'vendor_security', 'no_feed', 25) job=12s eta=1.1h
qwen3.5:9b/vendor_security/no_feed/s26 -> B (7.6s)
[queue 1727/1800] ok ('qwen3.5:9b', 'vendor_security', 'no_feed', 26) job=14s eta=1.1h
qwen3.5:9b/vendor_security/no_feed/s27 -> B (8.1s)
[queue 1728/1800] ok ('qwen3.5:9b', 'vendor_security', 'no_feed', 27) job=14s eta=1.0h
qwen3.5:9b/vendor_security/no_feed/s28 -> B (9.2s)
[queue 1729/1800] ok ('qwen3.5:9b', 'vendor_security', 'no_feed', 28) job=15s eta=1.0h
qwen3.5:9b/vendor_security/no_feed/s29 -> B (6.3s)
[queue 1730/1800] ok ('qwen3.5:9b', 'vendor_security', 'no_feed', 29) job=13s eta=1.0h
qwen3.5:9b/vendor_security/no_feed/s30 -> B (6.1s)
[queue 1731/1800] ok ('qwen3.5:9b', 'vendor_security', 'no_feed', 30) job=12s eta=1.0h
qwen3.5:9b/vendor_security/no_feed/s31 -> B (5.9s)
[queue 1732/1800] ok ('qwen3.5:9b', 'vendor_security', 'no_feed', 31) job=12s eta=1.0h
qwen3.5:9b/vendor_security/no_feed/s32 -> B (7.6s)
[queue 1733/1800] ok ('qwen3.5:9b', 'vendor_security', 'no_feed', 32) job=14s eta=1.0h
qwen3.5:9b/vendor_security/no_feed/s33 -> B (6.6s)
[queue 1734/1800] ok ('qwen3.5:9b', 'vendor_security', 'no_feed', 33) job=13s eta=0.9h
qwen3.5:9b/vendor_security/no_feed/s34 -> B (8.8s)
[queue 1735/1800] ok ('qwen3.5:9b', 'vendor_security', 'no_feed', 34) job=15s eta=0.9h
qwen3.5:9b/vendor_security/no_feed/s35 -> B (8.2s)
[queue 1736/1800] ok ('qwen3.5:9b', 'vendor_security', 'no_feed', 35) job=14s eta=0.9h
qwen3.5:9b/vendor_security/no_feed/s36 -> B (7.7s)
[queue 1737/1800] ok ('qwen3.5:9b', 'vendor_security', 'no_feed', 36) job=14s eta=0.9h
qwen3.5:9b/vendor_security/no_feed/s37 -> B (8.2s)
[queue 1738/1800] ok ('qwen3.5:9b', 'vendor_security', 'no_feed', 37) job=14s eta=0.9h
qwen3.5:9b/vendor_security/no_feed/s38 -> B (5.9s)
[queue 1739/1800] ok ('qwen3.5:9b', 'vendor_security', 'no_feed', 38) job=12s eta=0.9h
qwen3.5:9b/vendor_security/no_feed/s39 -> B (6.8s)
[queue 1740/1800] ok ('qwen3.5:9b', 'vendor_security', 'no_feed', 39) job=13s eta=0.9h
qwen3.5:9b/vendor_security/no_feed/s40 -> B (6.9s)
[queue 1741/1800] ok ('qwen3.5:9b', 'vendor_security', 'no_feed', 40) job=13s eta=0.8h
qwen3.5:9b/vendor_security/no_feed/s41 -> B (8.6s)
[queue 1742/1800] ok ('qwen3.5:9b', 'vendor_security', 'no_feed', 41) job=15s eta=0.8h
qwen3.5:9b/vendor_security/no_feed/s42 -> B (8.2s)
[queue 1743/1800] ok ('qwen3.5:9b', 'vendor_security', 'no_feed', 42) job=15s eta=0.8h
qwen3.5:9b/vendor_security/no_feed/s43 -> B (8.0s)
[queue 1744/1800] ok ('qwen3.5:9b', 'vendor_security', 'no_feed', 43) job=14s eta=0.8h
qwen3.5:9b/vendor_security/no_feed/s44 -> B (8.3s)
[queue 1745/1800] ok ('qwen3.5:9b', 'vendor_security', 'no_feed', 44) job=14s eta=0.8h
qwen3.5:9b/vendor_security/no_feed/s45 -> B (7.7s)
[queue 1746/1800] ok ('qwen3.5:9b', 'vendor_security', 'no_feed', 45) job=14s eta=0.8h
qwen3.5:9b/vendor_security/no_feed/s46 -> B (8.2s)
[queue 1747/1800] ok ('qwen3.5:9b', 'vendor_security', 'no_feed', 46) job=14s eta=0.8h
qwen3.5:9b/vendor_security/no_feed/s47 -> B (6.7s)
[queue 1748/1800] ok ('qwen3.5:9b', 'vendor_security', 'no_feed', 47) job=13s eta=0.7h
qwen3.5:9b/vendor_security/no_feed/s48 -> B (5.8s)
[queue 1749/1800] ok ('qwen3.5:9b', 'vendor_security', 'no_feed', 48) job=12s eta=0.7h
qwen3.5:9b/vendor_security/no_feed/s49 -> B (5.8s)
[queue 1750/1800] ok ('qwen3.5:9b', 'vendor_security', 'no_feed', 49) job=12s eta=0.7h
qwen3.5:9b/access_policy/no_feed/s0 -> B (9.8s)
[queue 1751/1800] ok ('qwen3.5:9b', 'access_policy', 'no_feed', 0) job=16s eta=0.7h
qwen3.5:9b/access_policy/no_feed/s1 -> B (5.4s)
[queue 1752/1800] ok ('qwen3.5:9b', 'access_policy', 'no_feed', 1) job=12s eta=0.7h
qwen3.5:9b/access_policy/no_feed/s2 -> B (5.3s)
[queue 1753/1800] ok ('qwen3.5:9b', 'access_policy', 'no_feed', 2) job=12s eta=0.7h
qwen3.5:9b/access_policy/no_feed/s3 -> B (5.2s)
[queue 1754/1800] ok ('qwen3.5:9b', 'access_policy', 'no_feed', 3) job=12s eta=0.7h
qwen3.5:9b/access_policy/no_feed/s4 -> B (5.4s)
[queue 1755/1800] ok ('qwen3.5:9b', 'access_policy', 'no_feed', 4) job=12s eta=0.6h
qwen3.5:9b/access_policy/no_feed/s5 -> B (6.5s)
[queue 1756/1800] ok ('qwen3.5:9b', 'access_policy', 'no_feed', 5) job=13s eta=0.6h
qwen3.5:9b/access_policy/no_feed/s6 -> B (5.9s)
[queue 1757/1800] ok ('qwen3.5:9b', 'access_policy', 'no_feed', 6) job=12s eta=0.6h
qwen3.5:9b/access_policy/no_feed/s7 -> B (8.1s)
[queue 1758/1800] ok ('qwen3.5:9b', 'access_policy', 'no_feed', 7) job=14s eta=0.6h
qwen3.5:9b/access_policy/no_feed/s8 -> B (4.4s)
[queue 1759/1800] ok ('qwen3.5:9b', 'access_policy', 'no_feed', 8) job=10s eta=0.6h
qwen3.5:9b/access_policy/no_feed/s9 -> B (6.9s)
[queue 1760/1800] ok ('qwen3.5:9b', 'access_policy', 'no_feed', 9) job=13s eta=0.6h
qwen3.5:9b/access_policy/no_feed/s10 -> B (6.2s)
[queue 1761/1800] ok ('qwen3.5:9b', 'access_policy', 'no_feed', 10) job=12s eta=0.6h
qwen3.5:9b/access_policy/no_feed/s11 -> B (5.6s)
[queue 1762/1800] ok ('qwen3.5:9b', 'access_policy', 'no_feed', 11) job=12s eta=0.5h
qwen3.5:9b/access_policy/no_feed/s12 -> B (7.4s)
[queue 1763/1800] ok ('qwen3.5:9b', 'access_policy', 'no_feed', 12) job=14s eta=0.5h
qwen3.5:9b/access_policy/no_feed/s13 -> B (6.6s)
[queue 1764/1800] ok ('qwen3.5:9b', 'access_policy', 'no_feed', 13) job=13s eta=0.5h
qwen3.5:9b/access_policy/no_feed/s14 -> B (5.8s)
[queue 1765/1800] ok ('qwen3.5:9b', 'access_policy', 'no_feed', 14) job=12s eta=0.5h
qwen3.5:9b/access_policy/no_feed/s15 -> B (5.3s)
[queue 1766/1800] ok ('qwen3.5:9b', 'access_policy', 'no_feed', 15) job=11s eta=0.5h
qwen3.5:9b/access_policy/no_feed/s16 -> B (7.5s)
[queue 1767/1800] ok ('qwen3.5:9b', 'access_policy', 'no_feed', 16) job=14s eta=0.5h
qwen3.5:9b/access_policy/no_feed/s17 -> B (5.7s)
[queue 1768/1800] ok ('qwen3.5:9b', 'access_policy', 'no_feed', 17) job=12s eta=0.5h
qwen3.5:9b/access_policy/no_feed/s18 -> B (6.8s)
[queue 1769/1800] ok ('qwen3.5:9b', 'access_policy', 'no_feed', 18) job=13s eta=0.4h
qwen3.5:9b/access_policy/no_feed/s19 -> B (6.0s)
[queue 1770/1800] ok ('qwen3.5:9b', 'access_policy', 'no_feed', 19) job=12s eta=0.4h
qwen3.5:9b/access_policy/no_feed/s20 -> B (5.4s)
[queue 1771/1800] ok ('qwen3.5:9b', 'access_policy', 'no_feed', 20) job=11s eta=0.4h
qwen3.5:9b/access_policy/no_feed/s21 -> B (5.2s)
[queue 1772/1800] ok ('qwen3.5:9b', 'access_policy', 'no_feed', 21) job=11s eta=0.4h
qwen3.5:9b/access_policy/no_feed/s22 -> B (5.3s)
[queue 1773/1800] ok ('qwen3.5:9b', 'access_policy', 'no_feed', 22) job=11s eta=0.4h
qwen3.5:9b/access_policy/no_feed/s23 -> B (5.6s)
[queue 1774/1800] ok ('qwen3.5:9b', 'access_policy', 'no_feed', 23) job=12s eta=0.4h
qwen3.5:9b/access_policy/no_feed/s24 -> B (5.7s)
[queue 1775/1800] ok ('qwen3.5:9b', 'access_policy', 'no_feed', 24) job=12s eta=0.4h
qwen3.5:9b/access_policy/no_feed/s25 -> B (5.6s)
[queue 1776/1800] ok ('qwen3.5:9b', 'access_policy', 'no_feed', 25) job=12s eta=0.3h
qwen3.5:9b/access_policy/no_feed/s26 -> B (6.6s)
[queue 1777/1800] ok ('qwen3.5:9b', 'access_policy', 'no_feed', 26) job=13s eta=0.3h
qwen3.5:9b/access_policy/no_feed/s27 -> B (7.5s)
[queue 1778/1800] ok ('qwen3.5:9b', 'access_policy', 'no_feed', 27) job=14s eta=0.3h
qwen3.5:9b/access_policy/no_feed/s28 -> B (5.5s)
[queue 1779/1800] ok ('qwen3.5:9b', 'access_policy', 'no_feed', 28) job=11s eta=0.3h
qwen3.5:9b/access_policy/no_feed/s29 -> B (5.8s)
[queue 1780/1800] ok ('qwen3.5:9b', 'access_policy', 'no_feed', 29) job=12s eta=0.3h
qwen3.5:9b/access_policy/no_feed/s30 -> B (5.9s)
[queue 1781/1800] ok ('qwen3.5:9b', 'access_policy', 'no_feed', 30) job=12s eta=0.3h
qwen3.5:9b/access_policy/no_feed/s31 -> B (5.5s)
[queue 1782/1800] ok ('qwen3.5:9b', 'access_policy', 'no_feed', 31) job=12s eta=0.3h
qwen3.5:9b/access_policy/no_feed/s32 -> B (6.7s)
[queue 1783/1800] ok ('qwen3.5:9b', 'access_policy', 'no_feed', 32) job=13s eta=0.2h
qwen3.5:9b/access_policy/no_feed/s33 -> B (6.4s)
[queue 1784/1800] ok ('qwen3.5:9b', 'access_policy', 'no_feed', 33) job=12s eta=0.2h
qwen3.5:9b/access_policy/no_feed/s34 -> B (7.0s)
[queue 1785/1800] ok ('qwen3.5:9b', 'access_policy', 'no_feed', 34) job=13s eta=0.2h
qwen3.5:9b/access_policy/no_feed/s35 -> B (7.0s)
[queue 1786/1800] ok ('qwen3.5:9b', 'access_policy', 'no_feed', 35) job=13s eta=0.2h
qwen3.5:9b/access_policy/no_feed/s36 -> B (6.3s)
[queue 1787/1800] ok ('qwen3.5:9b', 'access_policy', 'no_feed', 36) job=13s eta=0.2h
qwen3.5:9b/access_policy/no_feed/s37 -> B (5.7s)
[queue 1788/1800] ok ('qwen3.5:9b', 'access_policy', 'no_feed', 37) job=12s eta=0.2h
qwen3.5:9b/access_policy/no_feed/s38 -> B (6.3s)
[queue 1789/1800] ok ('qwen3.5:9b', 'access_policy', 'no_feed', 38) job=12s eta=0.2h
qwen3.5:9b/access_policy/no_feed/s39 -> B (7.3s)
[queue 1790/1800] ok ('qwen3.5:9b', 'access_policy', 'no_feed', 39) job=13s eta=0.1h
qwen3.5:9b/access_policy/no_feed/s40 -> B (5.9s)
[queue 1791/1800] ok ('qwen3.5:9b', 'access_policy', 'no_feed', 40) job=12s eta=0.1h
qwen3.5:9b/access_policy/no_feed/s41 -> B (5.8s)
[queue 1792/1800] ok ('qwen3.5:9b', 'access_policy', 'no_feed', 41) job=12s eta=0.1h
qwen3.5:9b/access_policy/no_feed/s42 -> B (7.6s)
[queue 1793/1800] ok ('qwen3.5:9b', 'access_policy', 'no_feed', 42) job=14s eta=0.1h
qwen3.5:9b/access_policy/no_feed/s43 -> B (7.3s)
[queue 1794/1800] ok ('qwen3.5:9b', 'access_policy', 'no_feed', 43) job=13s eta=0.1h
qwen3.5:9b/access_policy/no_feed/s44 -> B (6.6s)
[queue 1795/1800] ok ('qwen3.5:9b', 'access_policy', 'no_feed', 44) job=13s eta=0.1h
qwen3.5:9b/access_policy/no_feed/s45 -> B (8.2s)
[queue 1796/1800] ok ('qwen3.5:9b', 'access_policy', 'no_feed', 45) job=15s eta=0.1h
qwen3.5:9b/access_policy/no_feed/s46 -> B (6.0s)
[queue 1797/1800] ok ('qwen3.5:9b', 'access_policy', 'no_feed', 46) job=12s eta=0.0h
qwen3.5:9b/access_policy/no_feed/s47 -> B (6.4s)
[queue 1798/1800] ok ('qwen3.5:9b', 'access_policy', 'no_feed', 47) job=13s eta=0.0h
qwen3.5:9b/access_policy/no_feed/s48 -> B (6.6s)
[queue 1799/1800] ok ('qwen3.5:9b', 'access_policy', 'no_feed', 48) job=13s eta=0.0h
qwen3.5:9b/access_policy/no_feed/s49 -> B (6.4s)
[queue 1800/1800] ok ('qwen3.5:9b', 'access_policy', 'no_feed', 49) job=12s eta=0.0h
[queue] complete successes=1800 failures=0 elapsed=25.1h
